JPGNumber,Race 0 Bubble 0,Race 0 Bubble 1,Race 0 Bubble 2,Race 0 Bubble 3,Race 0 Bubble 4,Race 0 Bubble 5,Race 0 Bubble 6,Race 1 Bubble 0,Race 1 Bubble 1,Race 1 Bubble 2
734,0,0,0,5,0,0,0,0,5,0
736,0,0,0,5,0,0,0,0,5,0
738,1,1,0,1,0,0,0,1,0,0
740,2,2,0,2,0,0,0,0,2,0
742,1,1,0,1,0,0,0,0,1,0
744,0,0,0,1,0,0,0,0,1,0
746,1,0,1,1,0,0,0,0,1,0
748,1,1,0,1,0,0,0,0,1,0
750,0,0,0,1,0,0,0,0,1,0
752,1,0,0,0,0,0,0,0,1,0
2338,1,1,1,0,0,0,0,1,0,0
2340,1,1,5,0,0,0,0,1,0,0
2342,1,1,1,0,0,0,0,0,2,0
2344,1,1,1,0,0,0,0,0,1,0
2346,1,1,0,1,0,0,0,0,0,0
2348,1,1,0,1,0,0,0,0,1,0
2350,1,0,1,1,0,0,0,0,1,0
2352,0,0,0,1,0,0,0,0,1,0
2354,0,0,0,1,0,0,0,1,0,0
2356,0,0,0,1,0,0,0,0,1,0
2358,1,1,0,1,0,0,0,0,1,0
2360,1,1,0,1,0,0,0,0,1,0
2362,1,1,0,1,0,0,0,0,1,0
2364,1,0,0,1,0,0,0,0,1,0
2366,0,1,1,1,0,0,0,0,1,0
2368,0,0,0,1,0,0,0,0,1,0
2370,1,1,0,1,0,0,0,0,1,0
2372,0,0,0,1,0,0,0,0,1,0
2374,0,1,1,1,0,0,0,0,1,0
2376,0,0,0,1,0,0,0,0,1,0
2378,0,0,0,1,0,0,0,0,1,0
2380,1,0,1,0,0,0,0,0,1,0
2382,1,0,1,1,0,0,0,0,1,0
2384,0,0,0,1,0,0,0,0,1,0
2386,0,0,0,1,0,0,0,0,1,0
2388,0,0,0,0,0,0,0,0,1,0
2390,1,0,0,1,0,0,0,0,1,0
2392,1,0,1,1,0,0,0,0,1,0
2394,6,0,0,6,0,0,0,0,6,0
2396,1,1,0,1,0,0,0,0,1,0
2398,1,0,1,1,0,0,0,1,0,0
2400,0,1,0,0,0,0,0,0,1,0
2402,1,1,0,1,0,0,0,0,1,0
2404,0,0,0,1,0,0,0,0,1,0
2406,1,0,0,1,0,0,0,0,1,0
2408,1,1,0,1,0,0,0,1,0,0
2410,0,1,1,1,0,0,0,0,1,0
2412,1,1,0,1,0,0,0,0,1,0
2414,4,4,4,0,0,0,0,0,4,0
2416,4,4,4,0,0,0,0,0,4,0
2418,0,0,0,1,0,0,0,0,1,0
2420,0,0,0,1,0,0,0,0,1,0
2422,1,1,0,1,0,0,0,0,1,0
2424,0,0,0,1,0,0,0,0,1,0
2426,0,0,0,1,0,0,0,0,1,0
2428,0,1,1,1,0,0,0,0,1,0
2430,1,1,1,0,0,0,0,1,0,0
2432,1,1,0,1,0,0,0,0,1,0
2434,1,1,0,1,0,0,0,1,0,0
2436,1,1,1,0,0,0,0,0,1,0
2438,1,1,0,1,0,0,0,0,1,0
2440,1,1,0,1,0,0,0,0,1,0
2442,1,1,0,1,0,0,0,0,1,0
2444,0,0,0,1,0,0,0,0,1,0
2446,1,1,1,0,0,0,0,0,1,0
2448,1,1,0,1,0,0,0,0,1,0
2450,1,0,1,1,0,0,0,0,5,0
2452,0,0,0,1,0,0,0,0,1,0
2454,1,1,0,1,0,0,0,1,0,0
2456,0,5,1,0,0,0,0,1,0,0
2458,1,1,0,1,0,0,0,0,1,0
2460,4,0,0,1,0,0,0,0,1,0
2462,1,1,0,1,0,0,0,0,1,0
2464,2,0,2,2,0,0,0,0,2,0
2466,0,0,0,1,0,0,0,0,1,0
2468,1,1,0,1,0,0,0,0,1,0
2470,1,1,0,1,0,0,0,0,1,0
2472,0,1,1,1,0,0,0,0,1,0
2474,1,1,0,0,0,0,0,1,0,0
2476,1,1,0,0,0,0,0,1,0,0
2478,1,0,1,1,0,0,0,0,0,1
2480,1,1,1,0,0,0,0,0,1,0
2482,1,1,0,1,0,0,0,0,1,0
2484,1,1,0,1,0,0,0,1,0,0
2486,1,1,1,0,0,0,0,1,0,0
2488,1,1,1,0,0,0,0,0,1,0
2490,1,1,1,0,0,0,0,1,0,0
2492,1,1,0,1,0,0,0,1,0,0
2494,0,1,0,0,0,0,0,0,1,0
2496,0,1,1,1,0,0,0,1,0,0
2498,1,1,1,0,0,0,0,0,1,0
2500,1,1,1,0,0,0,0,0,1,0
2502,5,5,5,0,0,0,0,0,1,0
2504,4,4,0,0,4,0,0,0,4,0
2506,0,1,1,1,0,0,0,0,1,0
2508,1,1,1,0,0,0,0,0,1,0
2510,1,1,1,0,0,0,0,0,1,0
2512,1,0,1,1,0,0,0,0,1,0
2514,1,1,0,1,0,0,0,1,0,0
2516,5,0,0,5,0,0,0,0,5,0
2518,1,1,1,0,0,0,0,0,1,0
2520,5,5,5,0,0,0,0,5,0,0
2522,0,1,1,1,0,0,0,1,0,0
2524,1,1,1,0,0,0,0,0,1,0
2526,1,1,1,0,0,0,0,0,1,0
2528,0,1,1,1,0,0,0,0,1,0
2530,1,1,1,0,0,0,0,0,1,0
2532,0,0,0,1,1,0,0,0,1,0
2534,1,1,1,0,0,0,0,0,1,0
2536,1,1,0,0,0,0,0,1,0,0
2538,1,1,0,1,0,0,0,0,1,0
2540,0,0,0,0,0,0,0,0,1,0
2542,1,1,1,0,0,0,0,0,1,0
3124,1,1,0,1,0,0,0,0,1,0
3126,0,1,0,0,0,0,0,0,1,0
3128,0,1,1,1,0,0,0,0,1,0
3130,1,1,0,1,0,0,0,0,1,0
3132,1,1,0,1,0,0,0,0,1,0
3134,1,0,1,1,0,0,0,1,0,0
3136,1,1,0,0,0,0,0,0,1,0
3138,1,1,1,0,0,0,0,1,0,0
3140,1,1,1,0,0,0,0,1,0,0
3142,5,5,0,5,0,0,0,0,1,0
3144,0,0,0,0,0,0,0,0,1,0
3146,0,0,0,0,0,0,0,0,1,0
3148,0,0,0,0,0,0,0,0,1,0
3150,1,1,0,1,0,0,0,0,1,0
3152,1,1,1,0,0,0,0,0,1,0
3154,4,4,4,0,0,0,0,0,4,0
3156,1,1,1,0,0,0,0,1,0,0
3158,1,1,0,1,0,0,0,1,0,0
3160,1,1,0,1,0,0,0,0,1,0
3162,1,1,0,1,0,0,0,0,1,0
3164,1,1,0,0,0,0,0,1,0,0
3166,1,1,0,0,0,0,0,1,0,0
3168,0,1,1,1,0,0,0,0,1,0
3170,4,4,0,4,0,0,0,0,4,0
3172,1,1,0,1,0,0,0,0,1,0
3174,1,1,1,0,0,0,0,1,0,0
3176,1,1,1,0,0,0,0,1,0,0
3178,1,1,1,0,0,0,0,0,1,0
3180,1,1,1,0,0,0,0,0,1,0
3182,1,1,0,1,0,0,0,0,1,0
3184,0,0,4,4,0,0,0,0,1,0
3186,1,1,0,1,0,0,0,0,1,0
3188,1,1,1,0,0,0,0,1,0,0
3190,1,1,1,0,0,0,0,1,0,0
3192,1,1,0,1,0,0,0,0,1,0
3194,0,0,1,1,0,0,0,0,1,0
3196,2,2,2,0,0,0,0,5,0,0
3198,1,1,0,1,0,0,0,0,1,0
3200,0,0,0,1,0,0,0,0,1,0
3202,1,1,1,0,0,0,0,0,1,0
3204,1,1,1,0,0,0,0,0,1,0
3206,0,0,1,0,0,0,0,1,0,0
3208,1,1,1,0,0,0,0,0,1,0
3210,1,1,0,1,0,0,0,0,1,0
3212,0,0,0,1,0,0,0,0,1,0
3214,0,0,0,1,0,0,0,0,1,0
3216,1,1,1,0,0,0,0,0,1,0
3218,1,1,0,1,0,0,0,0,1,0
3220,0,1,0,0,0,0,0,0,1,0
3222,0,0,0,0,0,0,0,0,1,0
3224,0,0,0,1,0,0,0,0,1,0
3226,1,1,0,1,0,0,0,0,1,0
4280,1,1,1,0,0,0,0,0,1,0
4282,0,0,0,0,0,0,0,0,1,0
4284,1,1,0,1,0,0,0,0,1,0
4286,1,0,0,1,0,0,0,0,1,0
4288,2,2,2,0,0,0,0,0,2,0
4290,1,1,1,0,0,0,0,0,1,0
4292,1,1,0,1,0,0,0,0,1,0
4294,1,1,1,0,0,0,0,0,1,0
4296,1,0,1,1,0,0,0,0,1,0
4298,1,1,1,0,0,0,0,1,0,0
4300,0,0,0,1,0,0,0,0,1,0
4302,1,0,0,1,0,0,0,0,1,0
4304,1,0,1,1,0,0,0,0,1,0
4306,1,1,1,0,0,0,0,1,0,0
4308,1,1,1,0,0,0,0,1,0,0
4310,1,1,0,1,0,0,0,0,1,0
4312,0,0,1,1,0,0,0,0,1,0
4314,1,5,0,1,0,0,0,0,1,0
4316,1,1,0,1,0,0,0,0,1,0
4318,0,0,0,0,0,0,0,1,0,0
4320,1,1,0,1,0,0,0,0,1,0
4322,1,1,0,1,0,0,0,0,1,0
4324,0,0,0,0,0,0,0,1,0,0
4326,1,1,1,0,0,0,0,0,1,0
4328,1,1,1,0,0,0,0,0,1,0
4330,0,0,0,4,0,0,0,0,4,0
4332,0,0,0,0,0,0,0,0,1,0
4334,0,0,0,0,0,0,0,0,1,0
4336,1,1,1,0,0,0,0,0,1,0
4338,1,1,1,0,0,0,0,0,1,0
4340,0,1,1,1,0,0,0,1,0,0
4342,1,1,0,1,0,0,0,0,1,0
4344,0,0,0,1,0,0,0,0,1,0
4346,7,7,7,7,7,7,7,7,7,7
4348,7,7,7,7,7,7,7,7,7,7
4454,1,1,1,0,0,0,0,6,1,0
4456,0,1,1,1,0,0,0,0,1,0
4458,0,1,1,1,0,0,0,0,1,0
4460,2,2,2,0,0,0,0,0,2,0
4462,0,1,0,0,0,0,0,1,0,0
4464,1,1,0,1,0,0,0,0,1,0
4466,2,2,0,0,0,0,0,2,0,0
4468,1,1,1,0,0,0,0,1,0,0
4470,1,1,0,1,0,0,0,0,1,0
4472,1,1,0,1,0,0,0,1,0,0
4474,0,1,1,0,0,0,0,0,1,0
4476,0,1,1,1,0,0,0,1,0,0
4478,1,0,1,1,0,0,0,1,0,0
4480,2,2,2,0,0,0,0,0,2,0
4482,1,1,0,1,0,0,0,0,1,0
4484,1,0,1,1,0,0,0,0,1,0
4486,1,0,1,1,0,0,0,0,1,0
4488,1,1,0,1,0,0,0,0,1,0
4490,1,1,0,1,0,0,0,0,1,0
4492,0,0,0,1,0,0,0,0,1,0
4494,0,1,1,1,0,0,0,1,0,0
4496,0,0,0,0,0,0,0,0,1,0
4498,0,1,1,1,0,0,0,0,1,0
4500,0,2,2,2,0,0,0,2,0,0
4502,1,1,1,0,0,0,0,1,0,0
4504,0,1,1,1,0,0,0,1,0,0
4506,0,0,0,1,0,0,0,0,1,0
4508,1,1,1,0,0,0,0,0,1,0
4510,0,0,0,0,0,0,0,0,1,0
4512,1,1,0,0,0,0,0,0,1,0
4514,4,0,4,4,0,0,0,0,4,0
4516,1,0,1,1,0,0,0,1,0,0
4518,1,1,1,0,0,0,0,0,1,0
4520,1,1,0,1,0,0,0,0,1,0
4522,1,1,0,1,0,0,0,0,1,0
4524,2,2,0,2,0,0,0,0,2,0
4526,0,0,0,1,0,0,0,0,1,0
4528,0,0,0,1,0,0,0,0,1,0
4530,1,1,0,1,0,0,0,0,1,0
4532,0,0,0,0,0,0,0,1,0,0
4534,1,1,1,0,0,0,0,0,1,0
4536,1,1,1,0,0,0,0,0,1,0
4538,0,0,0,1,0,0,0,0,1,0
4540,1,1,0,0,0,0,0,1,0,0
4542,1,1,1,0,0,0,0,1,0,0
4544,1,1,1,0,0,0,0,1,0,0
4546,1,1,1,0,0,0,0,0,1,0
4548,1,0,0,1,0,0,0,0,1,0
4550,5,5,0,5,0,0,0,0,1,0
4552,5,0,1,1,0,0,0,0,1,0
4554,1,0,1,1,0,0,0,0,1,0
4556,1,1,1,0,0,0,0,0,1,0
4558,0,0,0,1,0,0,0,0,1,0
4560,0,1,0,0,1,1,0,0,1,0
4562,0,1,0,1,1,0,0,0,1,0
4564,1,1,0,1,0,0,0,0,1,0
4566,1,1,1,0,0,0,0,1,0,0
4568,0,1,1,1,0,0,0,0,0,1
4570,0,1,1,1,0,0,0,1,0,0
4572,0,1,1,0,0,0,0,1,0,0
5410,1,1,1,0,0,0,0,0,1,0
5412,1,0,0,0,0,0,0,1,0,0
5414,0,0,0,0,0,0,0,1,0,0
5416,1,0,0,0,0,0,0,1,0,0
5418,1,1,1,0,0,0,0,1,0,0
5420,1,1,1,0,0,0,0,1,0,0
5422,1,1,1,0,0,0,0,1,0,0
5424,1,1,0,1,0,0,0,0,1,0
5426,4,4,0,4,0,0,0,5,0,0
5428,0,0,0,1,0,0,0,0,1,0
6006,0,0,1,0,0,0,0,0,1,0
6008,1,1,0,1,0,0,0,1,0,0
6010,1,1,0,1,0,0,0,1,0,0
6012,1,1,1,0,0,0,0,1,0,0
6014,1,1,1,0,0,0,0,0,1,0
6016,1,1,0,1,0,0,0,0,1,0
6018,1,1,0,1,0,0,0,0,1,0
6020,1,0,1,1,0,0,0,0,1,0
6022,4,0,0,0,0,0,0,0,4,0
6024,1,0,0,0,0,0,0,0,1,0
6026,0,0,0,1,0,0,0,0,1,0
6028,1,0,1,1,0,0,0,0,1,0
6030,1,1,1,0,0,0,0,1,0,0
6032,1,1,0,0,0,0,0,1,0,0
6034,0,0,0,1,0,0,0,0,1,0
6036,0,0,0,1,0,0,0,0,1,0
6038,0,1,0,1,0,0,0,0,1,0
6040,0,0,0,1,0,0,0,0,1,0
6042,1,1,0,1,0,0,0,1,0,0
6044,1,1,1,0,0,0,0,0,1,0
6046,0,0,0,1,0,0,0,1,0,0
6048,0,0,1,1,0,0,0,0,1,0
6050,0,0,0,1,0,0,0,1,0,0
6052,6,0,6,6,0,0,0,6,0,0
6054,1,1,0,1,0,0,0,1,0,0
6056,1,1,1,0,0,0,0,1,0,0
6058,0,0,0,1,0,0,0,0,1,0
6060,1,1,0,1,0,0,0,0,1,0
6062,0,1,1,1,0,0,0,1,0,0
6064,0,1,1,1,0,0,0,1,0,0
6066,1,1,0,1,0,0,0,1,0,0
6068,1,1,0,1,0,0,0,0,1,0
6070,1,1,1,0,0,0,0,0,1,0
6072,1,1,1,0,0,0,0,1,0,0
6074,1,0,0,0,0,0,0,0,1,0
6076,1,1,1,0,0,0,0,1,0,0
6078,5,5,0,0,0,0,0,5,0,0
6080,0,2,2,2,0,0,0,0,2,0
6082,1,1,1,0,0,0,0,1,0,0
6084,1,1,1,0,0,0,0,1,0,0
6086,1,1,0,1,0,0,0,1,0,0
6088,0,0,0,1,0,0,0,0,5,0
6090,1,0,1,1,0,0,0,0,1,0
6092,0,1,1,1,0,0,0,0,1,0
6094,1,1,1,0,0,0,0,0,1,0
6096,0,0,0,1,0,0,0,0,1,0
6098,1,1,0,1,0,0,0,0,1,0
6100,1,1,1,0,0,0,0,1,0,0
6102,1,0,1,1,0,0,0,1,0,0
6104,1,1,0,1,0,0,0,0,1,0
6106,0,1,1,1,0,0,0,0,1,0
6108,1,1,0,1,0,0,0,0,1,0
6110,-1,-1,-1,-1,-1,-1,-1,-1,-1,-1
6112,-1,-1,-1,-1,-1,-1,-1,-1,-1,-1
6114,-1,-1,-1,-1,-1,-1,-1,-1,-1,-1
6116,-1,-1,-1,-1,-1,-1,-1,-1,-1,-1
6118,-1,-1,-1,-1,-1,-1,-1,-1,-1,-1
6120,-1,-1,-1,-1,-1,-1,-1,-1,-1,-1
6122,-1,-1,-1,-1,-1,-1,-1,-1,-1,-1
6124,-1,-1,-1,-1,-1,-1,-1,-1,-1,-1
6126,-1,-1,-1,-1,-1,-1,-1,-1,-1,-1
6128,-1,-1,-1,-1,-1,-1,-1,-1,-1,-1
6130,-1,-1,-1,-1,-1,-1,-1,-1,-1,-1
6132,-1,-1,-1,-1,-1,-1,-1,-1,-1,-1
6134,-1,-1,-1,-1,-1,-1,-1,-1,-1,-1
6136,-1,-1,-1,-1,-1,-1,-1,-1,-1,-1
6138,-1,-1,-1,-1,-1,-1,-1,-1,-1,-1
6140,-1,-1,-1,-1,-1,-1,-1,-1,-1,-1
6142,-1,-1,-1,-1,-1,-1,-1,-1,-1,-1
6144,-1,-1,-1,-1,-1,-1,-1,-1,-1,-1
6146,-1,-1,-1,-1,-1,-1,-1,-1,-1,-1
6148,-1,-1,-1,-1,-1,-1,-1,-1,-1,-1
6150,-1,-1,-1,-1,-1,-1,-1,-1,-1,-1
6152,-1,-1,-1,-1,-1,-1,-1,-1,-1,-1
6154,-1,-1,-1,-1,-1,-1,-1,-1,-1,-1
6156,-1,-1,-1,-1,-1,-1,-1,-1,-1,-1
6158,-1,-1,-1,-1,-1,-1,-1,-1,-1,-1
6160,-1,-1,-1,-1,-1,-1,-1,-1,-1,-1
6162,-1,-1,-1,-1,-1,-1,-1,-1,-1,-1
6164,-1,-1,-1,-1,-1,-1,-1,-1,-1,-1
6166,-1,-1,-1,-1,-1,-1,-1,-1,-1,-1
6168,-1,-1,-1,-1,-1,-1,-1,-1,-1,-1
6170,-1,-1,-1,-1,-1,-1,-1,-1,-1,-1
6172,-1,-1,-1,-1,-1,-1,-1,-1,-1,-1
6174,-1,-1,-1,-1,-1,-1,-1,-1,-1,-1
6176,-1,-1,-1,-1,-1,-1,-1,-1,-1,-1
6178,-1,-1,-1,-1,-1,-1,-1,-1,-1,-1
6180,-1,-1,-1,-1,-1,-1,-1,-1,-1,-1
6182,-1,-1,-1,-1,-1,-1,-1,-1,-1,-1
6184,-1,-1,-1,-1,-1,-1,-1,-1,-1,-1
6186,-1,-1,-1,-1,-1,-1,-1,-1,-1,-1
6188,-1,-1,-1,-1,-1,-1,-1,-1,-1,-1
6190,-1,-1,-1,-1,-1,-1,-1,-1,-1,-1
6192,-1,-1,-1,-1,-1,-1,-1,-1,-1,-1
6194,-1,-1,-1,-1,-1,-1,-1,-1,-1,-1
6196,-1,-1,-1,-1,-1,-1,-1,-1,-1,-1
6198,-1,-1,-1,-1,-1,-1,-1,-1,-1,-1
6200,-1,-1,-1,-1,-1,-1,-1,-1,-1,-1
6202,-1,-1,-1,-1,-1,-1,-1,-1,-1,-1
6204,-1,-1,-1,-1,-1,-1,-1,-1,-1,-1
6206,-1,-1,-1,-1,-1,-1,-1,-1,-1,-1
6208,-1,-1,-1,-1,-1,-1,-1,-1,-1,-1
6210,-1,-1,-1,-1,-1,-1,-1,-1,-1,-1
6212,-1,-1,-1,-1,-1,-1,-1,-1,-1,-1
6214,-1,-1,-1,-1,-1,-1,-1,-1,-1,-1
6216,-1,-1,-1,-1,-1,-1,-1,-1,-1,-1
6218,-1,-1,-1,-1,-1,-1,-1,-1,-1,-1
6220,-1,-1,-1,-1,-1,-1,-1,-1,-1,-1
6222,-1,-1,-1,-1,-1,-1,-1,-1,-1,-1
6224,-1,-1,-1,-1,-1,-1,-1,-1,-1,-1
6226,-1,-1,-1,-1,-1,-1,-1,-1,-1,-1
6228,-1,-1,-1,-1,-1,-1,-1,-1,-1,-1
6230,-1,-1,-1,-1,-1,-1,-1,-1,-1,-1
6232,-1,-1,-1,-1,-1,-1,-1,-1,-1,-1
6234,-1,-1,-1,-1,-1,-1,-1,-1,-1,-1
6236,-1,-1,-1,-1,-1,-1,-1,-1,-1,-1
6238,-1,-1,-1,-1,-1,-1,-1,-1,-1,-1
6240,-1,-1,-1,-1,-1,-1,-1,-1,-1,-1
6242,-1,-1,-1,-1,-1,-1,-1,-1,-1,-1
6244,-1,-1,-1,-1,-1,-1,-1,-1,-1,-1
6246,-1,-1,-1,-1,-1,-1,-1,-1,-1,-1
6248,-1,-1,-1,-1,-1,-1,-1,-1,-1,-1
6250,-1,-1,-1,-1,-1,-1,-1,-1,-1,-1
6252,-1,-1,-1,-1,-1,-1,-1,-1,-1,-1
6254,-1,-1,-1,-1,-1,-1,-1,-1,-1,-1
6256,-1,-1,-1,-1,-1,-1,-1,-1,-1,-1
6258,-1,-1,-1,-1,-1,-1,-1,-1,-1,-1
6260,-1,-1,-1,-1,-1,-1,-1,-1,-1,-1
6262,-1,-1,-1,-1,-1,-1,-1,-1,-1,-1
6264,-1,-1,-1,-1,-1,-1,-1,-1,-1,-1
6266,-1,-1,-1,-1,-1,-1,-1,-1,-1,-1
6268,-1,-1,-1,-1,-1,-1,-1,-1,-1,-1
6270,-1,-1,-1,-1,-1,-1,-1,-1,-1,-1
6272,-1,-1,-1,-1,-1,-1,-1,-1,-1,-1
6274,-1,-1,-1,-1,-1,-1,-1,-1,-1,-1
6276,-1,-1,-1,-1,-1,-1,-1,-1,-1,-1
6278,-1,-1,-1,-1,-1,-1,-1,-1,-1,-1
6280,-1,-1,-1,-1,-1,-1,-1,-1,-1,-1
6282,-1,-1,-1,-1,-1,-1,-1,-1,-1,-1
6284,-1,-1,-1,-1,-1,-1,-1,-1,-1,-1
6286,-1,-1,-1,-1,-1,-1,-1,-1,-1,-1
6288,-1,-1,-1,-1,-1,-1,-1,-1,-1,-1
6290,-1,-1,-1,-1,-1,-1,-1,-1,-1,-1
6292,-1,-1,-1,-1,-1,-1,-1,-1,-1,-1
6294,-1,-1,-1,-1,-1,-1,-1,-1,-1,-1
6296,-1,-1,-1,-1,-1,-1,-1,-1,-1,-1
6298,-1,-1,-1,-1,-1,-1,-1,-1,-1,-1
6300,-1,-1,-1,-1,-1,-1,-1,-1,-1,-1
6302,-1,-1,-1,-1,-1,-1,-1,-1,-1,-1
6304,-1,-1,-1,-1,-1,-1,-1,-1,-1,-1
6306,-1,-1,-1,-1,-1,-1,-1,-1,-1,-1
6308,-1,-1,-1,-1,-1,-1,-1,-1,-1,-1
6310,-1,-1,-1,-1,-1,-1,-1,-1,-1,-1
6312,-1,-1,-1,-1,-1,-1,-1,-1,-1,-1
6314,-1,-1,-1,-1,-1,-1,-1,-1,-1,-1
6316,-1,-1,-1,-1,-1,-1,-1,-1,-1,-1
6318,-1,-1,-1,-1,-1,-1,-1,-1,-1,-1
6320,-1,-1,-1,-1,-1,-1,-1,-1,-1,-1
6322,-1,-1,-1,-1,-1,-1,-1,-1,-1,-1
6324,-1,-1,-1,-1,-1,-1,-1,-1,-1,-1
6326,-1,-1,-1,-1,-1,-1,-1,-1,-1,-1
6328,-1,-1,-1,-1,-1,-1,-1,-1,-1,-1
6330,-1,-1,-1,-1,-1,-1,-1,-1,-1,-1
6332,-1,-1,-1,-1,-1,-1,-1,-1,-1,-1
6334,-1,-1,-1,-1,-1,-1,-1,-1,-1,-1
6336,-1,-1,-1,-1,-1,-1,-1,-1,-1,-1
6338,-1,-1,-1,-1,-1,-1,-1,-1,-1,-1
6340,-1,-1,-1,-1,-1,-1,-1,-1,-1,-1
6342,-1,-1,-1,-1,-1,-1,-1,-1,-1,-1
6344,-1,-1,-1,-1,-1,-1,-1,-1,-1,-1
6346,-1,-1,-1,-1,-1,-1,-1,-1,-1,-1
6348,-1,-1,-1,-1,-1,-1,-1,-1,-1,-1
6350,-1,-1,-1,-1,-1,-1,-1,-1,-1,-1
6352,-1,-1,-1,-1,-1,-1,-1,-1,-1,-1
6354,-1,-1,-1,-1,-1,-1,-1,-1,-1,-1
6356,-1,-1,-1,-1,-1,-1,-1,-1,-1,-1
6358,-1,-1,-1,-1,-1,-1,-1,-1,-1,-1
6360,-1,-1,-1,-1,-1,-1,-1,-1,-1,-1
6362,-1,-1,-1,-1,-1,-1,-1,-1,-1,-1
6364,-1,-1,-1,-1,-1,-1,-1,-1,-1,-1
6366,-1,-1,-1,-1,-1,-1,-1,-1,-1,-1
6368,-1,-1,-1,-1,-1,-1,-1,-1,-1,-1
6370,-1,-1,-1,-1,-1,-1,-1,-1,-1,-1
6372,-1,-1,-1,-1,-1,-1,-1,-1,-1,-1
6374,-1,-1,-1,-1,-1,-1,-1,-1,-1,-1
6376,-1,-1,-1,-1,-1,-1,-1,-1,-1,-1
6378,-1,-1,-1,-1,-1,-1,-1,-1,-1,-1
6380,-1,-1,-1,-1,-1,-1,-1,-1,-1,-1
6382,-1,-1,-1,-1,-1,-1,-1,-1,-1,-1
6384,-1,-1,-1,-1,-1,-1,-1,-1,-1,-1
6386,-1,-1,-1,-1,-1,-1,-1,-1,-1,-1
6388,-1,-1,-1,-1,-1,-1,-1,-1,-1,-1
6390,-1,-1,-1,-1,-1,-1,-1,-1,-1,-1
6392,-1,-1,-1,-1,-1,-1,-1,-1,-1,-1
6394,-1,-1,-1,-1,-1,-1,-1,-1,-1,-1
6396,-1,-1,-1,-1,-1,-1,-1,-1,-1,-1
6398,-1,-1,-1,-1,-1,-1,-1,-1,-1,-1
6400,-1,-1,-1,-1,-1,-1,-1,-1,-1,-1
6402,-1,-1,-1,-1,-1,-1,-1,-1,-1,-1
6404,-1,-1,-1,-1,-1,-1,-1,-1,-1,-1
6406,-1,-1,-1,-1,-1,-1,-1,-1,-1,-1
6408,-1,-1,-1,-1,-1,-1,-1,-1,-1,-1
6410,-1,-1,-1,-1,-1,-1,-1,-1,-1,-1
6412,-1,-1,-1,-1,-1,-1,-1,-1,-1,-1
6414,-1,-1,-1,-1,-1,-1,-1,-1,-1,-1
6416,-1,-1,-1,-1,-1,-1,-1,-1,-1,-1
6418,-1,-1,-1,-1,-1,-1,-1,-1,-1,-1
6420,-1,-1,-1,-1,-1,-1,-1,-1,-1,-1
6422,-1,-1,-1,-1,-1,-1,-1,-1,-1,-1
6424,-1,-1,-1,-1,-1,-1,-1,-1,-1,-1
6426,-1,-1,-1,-1,-1,-1,-1,-1,-1,-1
6428,-1,-1,-1,-1,-1,-1,-1,-1,-1,-1
6430,-1,-1,-1,-1,-1,-1,-1,-1,-1,-1
6432,-1,-1,-1,-1,-1,-1,-1,-1,-1,-1
6434,-1,-1,-1,-1,-1,-1,-1,-1,-1,-1
6436,-1,-1,-1,-1,-1,-1,-1,-1,-1,-1
6438,-1,-1,-1,-1,-1,-1,-1,-1,-1,-1
6440,-1,-1,-1,-1,-1,-1,-1,-1,-1,-1
6442,-1,-1,-1,-1,-1,-1,-1,-1,-1,-1
6444,-1,-1,-1,-1,-1,-1,-1,-1,-1,-1
6446,-1,-1,-1,-1,-1,-1,-1,-1,-1,-1
6448,-1,-1,-1,-1,-1,-1,-1,-1,-1,-1
6450,-1,-1,-1,-1,-1,-1,-1,-1,-1,-1
6452,-1,-1,-1,-1,-1,-1,-1,-1,-1,-1
6454,-1,-1,-1,-1,-1,-1,-1,-1,-1,-1
6456,-1,-1,-1,-1,-1,-1,-1,-1,-1,-1
6458,-1,-1,-1,-1,-1,-1,-1,-1,-1,-1
6460,-1,-1,-1,-1,-1,-1,-1,-1,-1,-1
6462,-1,-1,-1,-1,-1,-1,-1,-1,-1,-1
6464,-1,-1,-1,-1,-1,-1,-1,-1,-1,-1
6466,-1,-1,-1,-1,-1,-1,-1,-1,-1,-1
6468,-1,-1,-1,-1,-1,-1,-1,-1,-1,-1
6470,-1,-1,-1,-1,-1,-1,-1,-1,-1,-1
6472,-1,-1,-1,-1,-1,-1,-1,-1,-1,-1
6474,-1,-1,-1,-1,-1,-1,-1,-1,-1,-1
6476,-1,-1,-1,-1,-1,-1,-1,-1,-1,-1
6478,-1,-1,-1,-1,-1,-1,-1,-1,-1,-1
6480,-1,-1,-1,-1,-1,-1,-1,-1,-1,-1
6482,-1,-1,-1,-1,-1,-1,-1,-1,-1,-1
6484,-1,-1,-1,-1,-1,-1,-1,-1,-1,-1
6486,-1,-1,-1,-1,-1,-1,-1,-1,-1,-1
6488,-1,-1,-1,-1,-1,-1,-1,-1,-1,-1
6490,-1,-1,-1,-1,-1,-1,-1,-1,-1,-1
6492,-1,-1,-1,-1,-1,-1,-1,-1,-1,-1
6494,-1,-1,-1,-1,-1,-1,-1,-1,-1,-1
6496,-1,-1,-1,-1,-1,-1,-1,-1,-1,-1
6498,-1,-1,-1,-1,-1,-1,-1,-1,-1,-1
6500,-1,-1,-1,-1,-1,-1,-1,-1,-1,-1
6502,-1,-1,-1,-1,-1,-1,-1,-1,-1,-1
6504,-1,-1,-1,-1,-1,-1,-1,-1,-1,-1
6506,-1,-1,-1,-1,-1,-1,-1,-1,-1,-1
6508,-1,-1,-1,-1,-1,-1,-1,-1,-1,-1
6510,-1,-1,-1,-1,-1,-1,-1,-1,-1,-1
6512,-1,-1,-1,-1,-1,-1,-1,-1,-1,-1
6514,-1,-1,-1,-1,-1,-1,-1,-1,-1,-1
6516,-1,-1,-1,-1,-1,-1,-1,-1,-1,-1
6518,-1,-1,-1,-1,-1,-1,-1,-1,-1,-1
6520,-1,-1,-1,-1,-1,-1,-1,-1,-1,-1
6522,-1,-1,-1,-1,-1,-1,-1,-1,-1,-1
6524,-1,-1,-1,-1,-1,-1,-1,-1,-1,-1
6526,-1,-1,-1,-1,-1,-1,-1,-1,-1,-1
6528,-1,-1,-1,-1,-1,-1,-1,-1,-1,-1
6530,-1,-1,-1,-1,-1,-1,-1,-1,-1,-1
6532,-1,-1,-1,-1,-1,-1,-1,-1,-1,-1
6534,-1,-1,-1,-1,-1,-1,-1,-1,-1,-1
6536,-1,-1,-1,-1,-1,-1,-1,-1,-1,-1
6538,-1,-1,-1,-1,-1,-1,-1,-1,-1,-1
6540,-1,-1,-1,-1,-1,-1,-1,-1,-1,-1
6542,-1,-1,-1,-1,-1,-1,-1,-1,-1,-1
6544,-1,-1,-1,-1,-1,-1,-1,-1,-1,-1
6546,-1,-1,-1,-1,-1,-1,-1,-1,-1,-1
6548,-1,-1,-1,-1,-1,-1,-1,-1,-1,-1
6550,-1,-1,-1,-1,-1,-1,-1,-1,-1,-1
6552,-1,-1,-1,-1,-1,-1,-1,-1,-1,-1
6554,-1,-1,-1,-1,-1,-1,-1,-1,-1,-1
6556,-1,-1,-1,-1,-1,-1,-1,-1,-1,-1
6558,-1,-1,-1,-1,-1,-1,-1,-1,-1,-1
6560,-1,-1,-1,-1,-1,-1,-1,-1,-1,-1
6562,-1,-1,-1,-1,-1,-1,-1,-1,-1,-1
6564,-1,-1,-1,-1,-1,-1,-1,-1,-1,-1
6566,-1,-1,-1,-1,-1,-1,-1,-1,-1,-1
6568,-1,-1,-1,-1,-1,-1,-1,-1,-1,-1
6570,-1,-1,-1,-1,-1,-1,-1,-1,-1,-1
6572,-1,-1,-1,-1,-1,-1,-1,-1,-1,-1
6574,-1,-1,-1,-1,-1,-1,-1,-1,-1,-1
6576,-1,-1,-1,-1,-1,-1,-1,-1,-1,-1
8168,-1,-1,-1,-1,-1,-1,-1,-1,-1,-1
8170,-1,-1,-1,-1,-1,-1,-1,-1,-1,-1
8172,-1,-1,-1,-1,-1,-1,-1,-1,-1,-1
8174,-1,-1,-1,-1,-1,-1,-1,-1,-1,-1
8176,-1,-1,-1,-1,-1,-1,-1,-1,-1,-1
8178,-1,-1,-1,-1,-1,-1,-1,-1,-1,-1
8180,-1,-1,-1,-1,-1,-1,-1,-1,-1,-1
8182,-1,-1,-1,-1,-1,-1,-1,-1,-1,-1
8184,-1,-1,-1,-1,-1,-1,-1,-1,-1,-1
8186,-1,-1,-1,-1,-1,-1,-1,-1,-1,-1
8188,-1,-1,-1,-1,-1,-1,-1,-1,-1,-1
8190,-1,-1,-1,-1,-1,-1,-1,-1,-1,-1
8192,-1,-1,-1,-1,-1,-1,-1,-1,-1,-1
8194,-1,-1,-1,-1,-1,-1,-1,-1,-1,-1
8196,-1,-1,-1,-1,-1,-1,-1,-1,-1,-1
8198,-1,-1,-1,-1,-1,-1,-1,-1,-1,-1
8200,-1,-1,-1,-1,-1,-1,-1,-1,-1,-1
8202,-1,-1,-1,-1,-1,-1,-1,-1,-1,-1
8204,-1,-1,-1,-1,-1,-1,-1,-1,-1,-1
8206,-1,-1,-1,-1,-1,-1,-1,-1,-1,-1
8208,-1,-1,-1,-1,-1,-1,-1,-1,-1,-1
8210,-1,-1,-1,-1,-1,-1,-1,-1,-1,-1
8212,-1,-1,-1,-1,-1,-1,-1,-1,-1,-1
8214,-1,-1,-1,-1,-1,-1,-1,-1,-1,-1
8216,-1,-1,-1,-1,-1,-1,-1,-1,-1,-1
8218,-1,-1,-1,-1,-1,-1,-1,-1,-1,-1
8220,-1,-1,-1,-1,-1,-1,-1,-1,-1,-1
8222,-1,-1,-1,-1,-1,-1,-1,-1,-1,-1
8224,-1,-1,-1,-1,-1,-1,-1,-1,-1,-1
8226,-1,-1,-1,-1,-1,-1,-1,-1,-1,-1
8228,-1,-1,-1,-1,-1,-1,-1,-1,-1,-1
8230,-1,-1,-1,-1,-1,-1,-1,-1,-1,-1
8232,-1,-1,-1,-1,-1,-1,-1,-1,-1,-1
8234,-1,-1,-1,-1,-1,-1,-1,-1,-1,-1
8236,-1,-1,-1,-1,-1,-1,-1,-1,-1,-1
8238,-1,-1,-1,-1,-1,-1,-1,-1,-1,-1
8240,-1,-1,-1,-1,-1,-1,-1,-1,-1,-1
8242,-1,-1,-1,-1,-1,-1,-1,-1,-1,-1
8244,-1,-1,-1,-1,-1,-1,-1,-1,-1,-1
8246,-1,-1,-1,-1,-1,-1,-1,-1,-1,-1
8248,-1,-1,-1,-1,-1,-1,-1,-1,-1,-1
8250,-1,-1,-1,-1,-1,-1,-1,-1,-1,-1
8252,-1,-1,-1,-1,-1,-1,-1,-1,-1,-1
8254,-1,-1,-1,-1,-1,-1,-1,-1,-1,-1
8256,-1,-1,-1,-1,-1,-1,-1,-1,-1,-1
8258,-1,-1,-1,-1,-1,-1,-1,-1,-1,-1
8260,-1,-1,-1,-1,-1,-1,-1,-1,-1,-1
8262,-1,-1,-1,-1,-1,-1,-1,-1,-1,-1
8264,-1,-1,-1,-1,-1,-1,-1,-1,-1,-1
8266,-1,-1,-1,-1,-1,-1,-1,-1,-1,-1
8268,-1,-1,-1,-1,-1,-1,-1,-1,-1,-1
8270,-1,-1,-1,-1,-1,-1,-1,-1,-1,-1
8272,-1,-1,-1,-1,-1,-1,-1,-1,-1,-1
8274,-1,-1,-1,-1,-1,-1,-1,-1,-1,-1
8276,-1,-1,-1,-1,-1,-1,-1,-1,-1,-1
8278,-1,-1,-1,-1,-1,-1,-1,-1,-1,-1
8280,-1,-1,-1,-1,-1,-1,-1,-1,-1,-1
8282,-1,-1,-1,-1,-1,-1,-1,-1,-1,-1
8284,-1,-1,-1,-1,-1,-1,-1,-1,-1,-1
8286,-1,-1,-1,-1,-1,-1,-1,-1,-1,-1
8288,-1,-1,-1,-1,-1,-1,-1,-1,-1,-1
8290,-1,-1,-1,-1,-1,-1,-1,-1,-1,-1
8292,-1,-1,-1,-1,-1,-1,-1,-1,-1,-1
8294,-1,-1,-1,-1,-1,-1,-1,-1,-1,-1
8296,-1,-1,-1,-1,-1,-1,-1,-1,-1,-1
8298,-1,-1,-1,-1,-1,-1,-1,-1,-1,-1
8300,-1,-1,-1,-1,-1,-1,-1,-1,-1,-1
8302,-1,-1,-1,-1,-1,-1,-1,-1,-1,-1
8304,-1,-1,-1,-1,-1,-1,-1,-1,-1,-1
8306,-1,-1,-1,-1,-1,-1,-1,-1,-1,-1
8308,-1,-1,-1,-1,-1,-1,-1,-1,-1,-1
8310,-1,-1,-1,-1,-1,-1,-1,-1,-1,-1
8312,-1,-1,-1,-1,-1,-1,-1,-1,-1,-1
8314,-1,-1,-1,-1,-1,-1,-1,-1,-1,-1
8316,-1,-1,-1,-1,-1,-1,-1,-1,-1,-1
8318,-1,-1,-1,-1,-1,-1,-1,-1,-1,-1
8320,-1,-1,-1,-1,-1,-1,-1,-1,-1,-1
8322,-1,-1,-1,-1,-1,-1,-1,-1,-1,-1
8324,-1,-1,-1,-1,-1,-1,-1,-1,-1,-1
8326,-1,-1,-1,-1,-1,-1,-1,-1,-1,-1
8328,-1,-1,-1,-1,-1,-1,-1,-1,-1,-1
8330,-1,-1,-1,-1,-1,-1,-1,-1,-1,-1
8332,-1,-1,-1,-1,-1,-1,-1,-1,-1,-1
8334,-1,-1,-1,-1,-1,-1,-1,-1,-1,-1
8336,-1,-1,-1,-1,-1,-1,-1,-1,-1,-1
8338,-1,-1,-1,-1,-1,-1,-1,-1,-1,-1
8340,-1,-1,-1,-1,-1,-1,-1,-1,-1,-1
8342,-1,-1,-1,-1,-1,-1,-1,-1,-1,-1
8344,-1,-1,-1,-1,-1,-1,-1,-1,-1,-1
8346,-1,-1,-1,-1,-1,-1,-1,-1,-1,-1
8348,-1,-1,-1,-1,-1,-1,-1,-1,-1,-1
8350,-1,-1,-1,-1,-1,-1,-1,-1,-1,-1
8352,-1,-1,-1,-1,-1,-1,-1,-1,-1,-1
8354,-1,-1,-1,-1,-1,-1,-1,-1,-1,-1
8356,-1,-1,-1,-1,-1,-1,-1,-1,-1,-1
8358,-1,-1,-1,-1,-1,-1,-1,-1,-1,-1
8360,-1,-1,-1,-1,-1,-1,-1,-1,-1,-1
8362,-1,-1,-1,-1,-1,-1,-1,-1,-1,-1
8364,-1,-1,-1,-1,-1,-1,-1,-1,-1,-1
8366,-1,-1,-1,-1,-1,-1,-1,-1,-1,-1
8368,-1,-1,-1,-1,-1,-1,-1,-1,-1,-1
8370,-1,-1,-1,-1,-1,-1,-1,-1,-1,-1
8372,-1,-1,-1,-1,-1,-1,-1,-1,-1,-1
8374,-1,-1,-1,-1,-1,-1,-1,-1,-1,-1
8376,-1,-1,-1,-1,-1,-1,-1,-1,-1,-1
8378,-1,-1,-1,-1,-1,-1,-1,-1,-1,-1
8380,-1,-1,-1,-1,-1,-1,-1,-1,-1,-1
8382,-1,-1,-1,-1,-1,-1,-1,-1,-1,-1
8384,-1,-1,-1,-1,-1,-1,-1,-1,-1,-1
8386,-1,-1,-1,-1,-1,-1,-1,-1,-1,-1
8388,-1,-1,-1,-1,-1,-1,-1,-1,-1,-1
8390,-1,-1,-1,-1,-1,-1,-1,-1,-1,-1
8392,-1,-1,-1,-1,-1,-1,-1,-1,-1,-1
8394,-1,-1,-1,-1,-1,-1,-1,-1,-1,-1
8396,-1,-1,-1,-1,-1,-1,-1,-1,-1,-1
8398,-1,-1,-1,-1,-1,-1,-1,-1,-1,-1
8400,-1,-1,-1,-1,-1,-1,-1,-1,-1,-1
8402,-1,-1,-1,-1,-1,-1,-1,-1,-1,-1
8404,-1,-1,-1,-1,-1,-1,-1,-1,-1,-1
8406,-1,-1,-1,-1,-1,-1,-1,-1,-1,-1
8408,-1,-1,-1,-1,-1,-1,-1,-1,-1,-1
8410,-1,-1,-1,-1,-1,-1,-1,-1,-1,-1
8412,-1,-1,-1,-1,-1,-1,-1,-1,-1,-1
8414,-1,-1,-1,-1,-1,-1,-1,-1,-1,-1
8416,-1,-1,-1,-1,-1,-1,-1,-1,-1,-1
8418,-1,-1,-1,-1,-1,-1,-1,-1,-1,-1
8420,-1,-1,-1,-1,-1,-1,-1,-1,-1,-1
8422,-1,-1,-1,-1,-1,-1,-1,-1,-1,-1
8424,-1,-1,-1,-1,-1,-1,-1,-1,-1,-1
8426,-1,-1,-1,-1,-1,-1,-1,-1,-1,-1
8428,-1,-1,-1,-1,-1,-1,-1,-1,-1,-1
8430,-1,-1,-1,-1,-1,-1,-1,-1,-1,-1
8432,-1,-1,-1,-1,-1,-1,-1,-1,-1,-1
8434,-1,-1,-1,-1,-1,-1,-1,-1,-1,-1
8436,-1,-1,-1,-1,-1,-1,-1,-1,-1,-1
8438,-1,-1,-1,-1,-1,-1,-1,-1,-1,-1
8440,-1,-1,-1,-1,-1,-1,-1,-1,-1,-1
8442,-1,-1,-1,-1,-1,-1,-1,-1,-1,-1
8444,-1,-1,-1,-1,-1,-1,-1,-1,-1,-1
8446,-1,-1,-1,-1,-1,-1,-1,-1,-1,-1
8448,-1,-1,-1,-1,-1,-1,-1,-1,-1,-1
8450,-1,-1,-1,-1,-1,-1,-1,-1,-1,-1
8452,-1,-1,-1,-1,-1,-1,-1,-1,-1,-1
8454,-1,-1,-1,-1,-1,-1,-1,-1,-1,-1
8456,-1,-1,-1,-1,-1,-1,-1,-1,-1,-1
8458,-1,-1,-1,-1,-1,-1,-1,-1,-1,-1
8460,-1,-1,-1,-1,-1,-1,-1,-1,-1,-1
8462,-1,-1,-1,-1,-1,-1,-1,-1,-1,-1
8464,-1,-1,-1,-1,-1,-1,-1,-1,-1,-1
8466,-1,-1,-1,-1,-1,-1,-1,-1,-1,-1
8468,-1,-1,-1,-1,-1,-1,-1,-1,-1,-1
8470,-1,-1,-1,-1,-1,-1,-1,-1,-1,-1
8472,-1,-1,-1,-1,-1,-1,-1,-1,-1,-1
8474,-1,-1,-1,-1,-1,-1,-1,-1,-1,-1
8476,-1,-1,-1,-1,-1,-1,-1,-1,-1,-1
8478,-1,-1,-1,-1,-1,-1,-1,-1,-1,-1
8480,-1,-1,-1,-1,-1,-1,-1,-1,-1,-1
8482,-1,-1,-1,-1,-1,-1,-1,-1,-1,-1
8484,-1,-1,-1,-1,-1,-1,-1,-1,-1,-1
8486,-1,-1,-1,-1,-1,-1,-1,-1,-1,-1
8488,-1,-1,-1,-1,-1,-1,-1,-1,-1,-1
8490,-1,-1,-1,-1,-1,-1,-1,-1,-1,-1
8492,-1,-1,-1,-1,-1,-1,-1,-1,-1,-1
8494,-1,-1,-1,-1,-1,-1,-1,-1,-1,-1
8496,-1,-1,-1,-1,-1,-1,-1,-1,-1,-1
8498,-1,-1,-1,-1,-1,-1,-1,-1,-1,-1
8500,-1,-1,-1,-1,-1,-1,-1,-1,-1,-1
8502,-1,-1,-1,-1,-1,-1,-1,-1,-1,-1
8504,-1,-1,-1,-1,-1,-1,-1,-1,-1,-1
8506,-1,-1,-1,-1,-1,-1,-1,-1,-1,-1
8508,-1,-1,-1,-1,-1,-1,-1,-1,-1,-1
8510,-1,-1,-1,-1,-1,-1,-1,-1,-1,-1
8512,-1,-1,-1,-1,-1,-1,-1,-1,-1,-1
8514,-1,-1,-1,-1,-1,-1,-1,-1,-1,-1
8516,-1,-1,-1,-1,-1,-1,-1,-1,-1,-1
8518,-1,-1,-1,-1,-1,-1,-1,-1,-1,-1
8520,-1,-1,-1,-1,-1,-1,-1,-1,-1,-1
8522,-1,-1,-1,-1,-1,-1,-1,-1,-1,-1
8524,-1,-1,-1,-1,-1,-1,-1,-1,-1,-1
8526,-1,-1,-1,-1,-1,-1,-1,-1,-1,-1
8528,-1,-1,-1,-1,-1,-1,-1,-1,-1,-1
8530,-1,-1,-1,-1,-1,-1,-1,-1,-1,-1
8532,-1,-1,-1,-1,-1,-1,-1,-1,-1,-1
8534,-1,-1,-1,-1,-1,-1,-1,-1,-1,-1
8536,-1,-1,-1,-1,-1,-1,-1,-1,-1,-1
8538,-1,-1,-1,-1,-1,-1,-1,-1,-1,-1
8540,-1,-1,-1,-1,-1,-1,-1,-1,-1,-1
8542,-1,-1,-1,-1,-1,-1,-1,-1,-1,-1
8544,-1,-1,-1,-1,-1,-1,-1,-1,-1,-1
8546,-1,-1,-1,-1,-1,-1,-1,-1,-1,-1
8548,-1,-1,-1,-1,-1,-1,-1,-1,-1,-1
8550,-1,-1,-1,-1,-1,-1,-1,-1,-1,-1
8552,-1,-1,-1,-1,-1,-1,-1,-1,-1,-1
8554,-1,-1,-1,-1,-1,-1,-1,-1,-1,-1
8556,-1,-1,-1,-1,-1,-1,-1,-1,-1,-1
8558,-1,-1,-1,-1,-1,-1,-1,-1,-1,-1
8560,-1,-1,-1,-1,-1,-1,-1,-1,-1,-1
8562,-1,-1,-1,-1,-1,-1,-1,-1,-1,-1
8564,-1,-1,-1,-1,-1,-1,-1,-1,-1,-1
8566,-1,-1,-1,-1,-1,-1,-1,-1,-1,-1
8568,-1,-1,-1,-1,-1,-1,-1,-1,-1,-1
8570,-1,-1,-1,-1,-1,-1,-1,-1,-1,-1
8572,-1,-1,-1,-1,-1,-1,-1,-1,-1,-1
8574,-1,-1,-1,-1,-1,-1,-1,-1,-1,-1
8576,-1,-1,-1,-1,-1,-1,-1,-1,-1,-1
8578,-1,-1,-1,-1,-1,-1,-1,-1,-1,-1
8580,-1,-1,-1,-1,-1,-1,-1,-1,-1,-1
8582,-1,-1,-1,-1,-1,-1,-1,-1,-1,-1
8584,-1,-1,-1,-1,-1,-1,-1,-1,-1,-1
8586,-1,-1,-1,-1,-1,-1,-1,-1,-1,-1
8588,-1,-1,-1,-1,-1,-1,-1,-1,-1,-1
8590,-1,-1,-1,-1,-1,-1,-1,-1,-1,-1
8592,-1,-1,-1,-1,-1,-1,-1,-1,-1,-1
8594,-1,-1,-1,-1,-1,-1,-1,-1,-1,-1
8596,-1,-1,-1,-1,-1,-1,-1,-1,-1,-1
8598,-1,-1,-1,-1,-1,-1,-1,-1,-1,-1
8600,-1,-1,-1,-1,-1,-1,-1,-1,-1,-1
8602,-1,-1,-1,-1,-1,-1,-1,-1,-1,-1
8604,-1,-1,-1,-1,-1,-1,-1,-1,-1,-1
8606,-1,-1,-1,-1,-1,-1,-1,-1,-1,-1
8608,-1,-1,-1,-1,-1,-1,-1,-1,-1,-1
8610,-1,-1,-1,-1,-1,-1,-1,-1,-1,-1
8612,-1,-1,-1,-1,-1,-1,-1,-1,-1,-1
8614,-1,-1,-1,-1,-1,-1,-1,-1,-1,-1
8616,-1,-1,-1,-1,-1,-1,-1,-1,-1,-1
8618,-1,-1,-1,-1,-1,-1,-1,-1,-1,-1
8620,-1,-1,-1,-1,-1,-1,-1,-1,-1,-1
8622,-1,-1,-1,-1,-1,-1,-1,-1,-1,-1
8624,-1,-1,-1,-1,-1,-1,-1,-1,-1,-1
8626,-1,-1,-1,-1,-1,-1,-1,-1,-1,-1
8628,-1,-1,-1,-1,-1,-1,-1,-1,-1,-1
8630,-1,-1,-1,-1,-1,-1,-1,-1,-1,-1
8632,-1,-1,-1,-1,-1,-1,-1,-1,-1,-1
8634,-1,-1,-1,-1,-1,-1,-1,-1,-1,-1
8636,-1,-1,-1,-1,-1,-1,-1,-1,-1,-1
8638,-1,-1,-1,-1,-1,-1,-1,-1,-1,-1
8640,-1,-1,-1,-1,-1,-1,-1,-1,-1,-1
8642,-1,-1,-1,-1,-1,-1,-1,-1,-1,-1
8644,-1,-1,-1,-1,-1,-1,-1,-1,-1,-1
8646,-1,-1,-1,-1,-1,-1,-1,-1,-1,-1
8648,-1,-1,-1,-1,-1,-1,-1,-1,-1,-1
8650,-1,-1,-1,-1,-1,-1,-1,-1,-1,-1
8652,-1,-1,-1,-1,-1,-1,-1,-1,-1,-1
8654,-1,-1,-1,-1,-1,-1,-1,-1,-1,-1
8656,-1,-1,-1,-1,-1,-1,-1,-1,-1,-1
8658,-1,-1,-1,-1,-1,-1,-1,-1,-1,-1
8660,-1,-1,-1,-1,-1,-1,-1,-1,-1,-1
8662,-1,-1,-1,-1,-1,-1,-1,-1,-1,-1
8664,-1,-1,-1,-1,-1,-1,-1,-1,-1,-1
8666,-1,-1,-1,-1,-1,-1,-1,-1,-1,-1
8668,-1,-1,-1,-1,-1,-1,-1,-1,-1,-1
8670,-1,-1,-1,-1,-1,-1,-1,-1,-1,-1
8672,-1,-1,-1,-1,-1,-1,-1,-1,-1,-1
8674,-1,-1,-1,-1,-1,-1,-1,-1,-1,-1
8676,-1,-1,-1,-1,-1,-1,-1,-1,-1,-1
8678,-1,-1,-1,-1,-1,-1,-1,-1,-1,-1
8680,-1,-1,-1,-1,-1,-1,-1,-1,-1,-1
8682,-1,-1,-1,-1,-1,-1,-1,-1,-1,-1
8684,-1,-1,-1,-1,-1,-1,-1,-1,-1,-1
8686,-1,-1,-1,-1,-1,-1,-1,-1,-1,-1
8688,-1,-1,-1,-1,-1,-1,-1,-1,-1,-1
8690,-1,-1,-1,-1,-1,-1,-1,-1,-1,-1
8692,-1,-1,-1,-1,-1,-1,-1,-1,-1,-1
8694,-1,-1,-1,-1,-1,-1,-1,-1,-1,-1
8696,-1,-1,-1,-1,-1,-1,-1,-1,-1,-1
8698,-1,-1,-1,-1,-1,-1,-1,-1,-1,-1
8700,-1,-1,-1,-1,-1,-1,-1,-1,-1,-1
8702,-1,-1,-1,-1,-1,-1,-1,-1,-1,-1
24128,-1,-1,-1,-1,-1,-1,-1,-1,-1,-1
24130,-1,-1,-1,-1,-1,-1,-1,-1,-1,-1
24132,-1,-1,-1,-1,-1,-1,-1,-1,-1,-1
24134,-1,-1,-1,-1,-1,-1,-1,-1,-1,-1
24136,-1,-1,-1,-1,-1,-1,-1,-1,-1,-1
24138,-1,-1,-1,-1,-1,-1,-1,-1,-1,-1
24140,-1,-1,-1,-1,-1,-1,-1,-1,-1,-1
24142,-1,-1,-1,-1,-1,-1,-1,-1,-1,-1
24144,-1,-1,-1,-1,-1,-1,-1,-1,-1,-1
24146,-1,-1,-1,-1,-1,-1,-1,-1,-1,-1
24148,-1,-1,-1,-1,-1,-1,-1,-1,-1,-1
24150,-1,-1,-1,-1,-1,-1,-1,-1,-1,-1
24152,-1,-1,-1,-1,-1,-1,-1,-1,-1,-1
24154,-1,-1,-1,-1,-1,-1,-1,-1,-1,-1
24156,-1,-1,-1,-1,-1,-1,-1,-1,-1,-1
24158,-1,-1,-1,-1,-1,-1,-1,-1,-1,-1
24160,-1,-1,-1,-1,-1,-1,-1,-1,-1,-1
24162,-1,-1,-1,-1,-1,-1,-1,-1,-1,-1
24164,-1,-1,-1,-1,-1,-1,-1,-1,-1,-1
24166,-1,-1,-1,-1,-1,-1,-1,-1,-1,-1
24168,-1,-1,-1,-1,-1,-1,-1,-1,-1,-1
24170,-1,-1,-1,-1,-1,-1,-1,-1,-1,-1
24172,-1,-1,-1,-1,-1,-1,-1,-1,-1,-1
24174,-1,-1,-1,-1,-1,-1,-1,-1,-1,-1
24176,-1,-1,-1,-1,-1,-1,-1,-1,-1,-1
24178,-1,-1,-1,-1,-1,-1,-1,-1,-1,-1
24180,-1,-1,-1,-1,-1,-1,-1,-1,-1,-1
24182,-1,-1,-1,-1,-1,-1,-1,-1,-1,-1
24184,-1,-1,-1,-1,-1,-1,-1,-1,-1,-1
24186,-1,-1,-1,-1,-1,-1,-1,-1,-1,-1
24188,-1,-1,-1,-1,-1,-1,-1,-1,-1,-1
24190,-1,-1,-1,-1,-1,-1,-1,-1,-1,-1
24192,-1,-1,-1,-1,-1,-1,-1,-1,-1,-1
24194,-1,-1,-1,-1,-1,-1,-1,-1,-1,-1
24196,-1,-1,-1,-1,-1,-1,-1,-1,-1,-1
24198,-1,-1,-1,-1,-1,-1,-1,-1,-1,-1
24200,-1,-1,-1,-1,-1,-1,-1,-1,-1,-1
24202,-1,-1,-1,-1,-1,-1,-1,-1,-1,-1
24204,-1,-1,-1,-1,-1,-1,-1,-1,-1,-1
24206,-1,-1,-1,-1,-1,-1,-1,-1,-1,-1
24208,-1,-1,-1,-1,-1,-1,-1,-1,-1,-1
24210,-1,-1,-1,-1,-1,-1,-1,-1,-1,-1
24212,-1,-1,-1,-1,-1,-1,-1,-1,-1,-1
24214,-1,-1,-1,-1,-1,-1,-1,-1,-1,-1
24216,-1,-1,-1,-1,-1,-1,-1,-1,-1,-1
24218,-1,-1,-1,-1,-1,-1,-1,-1,-1,-1
24220,-1,-1,-1,-1,-1,-1,-1,-1,-1,-1
24222,-1,-1,-1,-1,-1,-1,-1,-1,-1,-1
24224,-1,-1,-1,-1,-1,-1,-1,-1,-1,-1
24226,-1,-1,-1,-1,-1,-1,-1,-1,-1,-1
24228,-1,-1,-1,-1,-1,-1,-1,-1,-1,-1
24230,-1,-1,-1,-1,-1,-1,-1,-1,-1,-1
24232,-1,-1,-1,-1,-1,-1,-1,-1,-1,-1
24234,-1,-1,-1,-1,-1,-1,-1,-1,-1,-1
24236,-1,-1,-1,-1,-1,-1,-1,-1,-1,-1
24238,-1,-1,-1,-1,-1,-1,-1,-1,-1,-1
24240,-1,-1,-1,-1,-1,-1,-1,-1,-1,-1
24242,-1,-1,-1,-1,-1,-1,-1,-1,-1,-1
24244,-1,-1,-1,-1,-1,-1,-1,-1,-1,-1
24246,-1,-1,-1,-1,-1,-1,-1,-1,-1,-1
24248,-1,-1,-1,-1,-1,-1,-1,-1,-1,-1
24250,-1,-1,-1,-1,-1,-1,-1,-1,-1,-1
24252,-1,-1,-1,-1,-1,-1,-1,-1,-1,-1
24254,-1,-1,-1,-1,-1,-1,-1,-1,-1,-1
24256,-1,-1,-1,-1,-1,-1,-1,-1,-1,-1
24258,-1,-1,-1,-1,-1,-1,-1,-1,-1,-1
24260,-1,-1,-1,-1,-1,-1,-1,-1,-1,-1
24262,-1,-1,-1,-1,-1,-1,-1,-1,-1,-1
24264,-1,-1,-1,-1,-1,-1,-1,-1,-1,-1
24266,-1,-1,-1,-1,-1,-1,-1,-1,-1,-1
24268,-1,-1,-1,-1,-1,-1,-1,-1,-1,-1
24270,-1,-1,-1,-1,-1,-1,-1,-1,-1,-1
24272,-1,-1,-1,-1,-1,-1,-1,-1,-1,-1
24274,-1,-1,-1,-1,-1,-1,-1,-1,-1,-1
24276,-1,-1,-1,-1,-1,-1,-1,-1,-1,-1
24278,-1,-1,-1,-1,-1,-1,-1,-1,-1,-1
24280,-1,-1,-1,-1,-1,-1,-1,-1,-1,-1
24282,-1,-1,-1,-1,-1,-1,-1,-1,-1,-1
24284,-1,-1,-1,-1,-1,-1,-1,-1,-1,-1
24286,-1,-1,-1,-1,-1,-1,-1,-1,-1,-1
24288,-1,-1,-1,-1,-1,-1,-1,-1,-1,-1
24290,-1,-1,-1,-1,-1,-1,-1,-1,-1,-1
24292,-1,-1,-1,-1,-1,-1,-1,-1,-1,-1
24294,-1,-1,-1,-1,-1,-1,-1,-1,-1,-1
24296,-1,-1,-1,-1,-1,-1,-1,-1,-1,-1
24298,-1,-1,-1,-1,-1,-1,-1,-1,-1,-1
24300,-1,-1,-1,-1,-1,-1,-1,-1,-1,-1
24302,-1,-1,-1,-1,-1,-1,-1,-1,-1,-1
24304,-1,-1,-1,-1,-1,-1,-1,-1,-1,-1
24306,-1,-1,-1,-1,-1,-1,-1,-1,-1,-1
24308,-1,-1,-1,-1,-1,-1,-1,-1,-1,-1
24310,-1,-1,-1,-1,-1,-1,-1,-1,-1,-1
24312,-1,-1,-1,-1,-1,-1,-1,-1,-1,-1
24314,-1,-1,-1,-1,-1,-1,-1,-1,-1,-1
24316,-1,-1,-1,-1,-1,-1,-1,-1,-1,-1
24318,-1,-1,-1,-1,-1,-1,-1,-1,-1,-1
24320,-1,-1,-1,-1,-1,-1,-1,-1,-1,-1
24322,-1,-1,-1,-1,-1,-1,-1,-1,-1,-1
24324,-1,-1,-1,-1,-1,-1,-1,-1,-1,-1
24326,-1,-1,-1,-1,-1,-1,-1,-1,-1,-1
24328,-1,-1,-1,-1,-1,-1,-1,-1,-1,-1
24330,-1,-1,-1,-1,-1,-1,-1,-1,-1,-1
24332,-1,-1,-1,-1,-1,-1,-1,-1,-1,-1
24334,-1,-1,-1,-1,-1,-1,-1,-1,-1,-1
24336,-1,-1,-1,-1,-1,-1,-1,-1,-1,-1
24338,-1,-1,-1,-1,-1,-1,-1,-1,-1,-1
24340,-1,-1,-1,-1,-1,-1,-1,-1,-1,-1
24342,-1,-1,-1,-1,-1,-1,-1,-1,-1,-1
24344,-1,-1,-1,-1,-1,-1,-1,-1,-1,-1
24346,-1,-1,-1,-1,-1,-1,-1,-1,-1,-1
24348,-1,-1,-1,-1,-1,-1,-1,-1,-1,-1
24350,-1,-1,-1,-1,-1,-1,-1,-1,-1,-1
24352,-1,-1,-1,-1,-1,-1,-1,-1,-1,-1
24354,-1,-1,-1,-1,-1,-1,-1,-1,-1,-1
24356,-1,-1,-1,-1,-1,-1,-1,-1,-1,-1
24358,-1,-1,-1,-1,-1,-1,-1,-1,-1,-1
24360,-1,-1,-1,-1,-1,-1,-1,-1,-1,-1
24362,-1,-1,-1,-1,-1,-1,-1,-1,-1,-1
24364,-1,-1,-1,-1,-1,-1,-1,-1,-1,-1
24366,-1,-1,-1,-1,-1,-1,-1,-1,-1,-1
24368,-1,-1,-1,-1,-1,-1,-1,-1,-1,-1
24370,-1,-1,-1,-1,-1,-1,-1,-1,-1,-1
24372,-1,-1,-1,-1,-1,-1,-1,-1,-1,-1
24374,-1,-1,-1,-1,-1,-1,-1,-1,-1,-1
24376,-1,-1,-1,-1,-1,-1,-1,-1,-1,-1
24378,-1,-1,-1,-1,-1,-1,-1,-1,-1,-1
24380,-1,-1,-1,-1,-1,-1,-1,-1,-1,-1
24382,-1,-1,-1,-1,-1,-1,-1,-1,-1,-1
24384,-1,-1,-1,-1,-1,-1,-1,-1,-1,-1
24386,-1,-1,-1,-1,-1,-1,-1,-1,-1,-1
24388,-1,-1,-1,-1,-1,-1,-1,-1,-1,-1
24390,-1,-1,-1,-1,-1,-1,-1,-1,-1,-1
24392,-1,-1,-1,-1,-1,-1,-1,-1,-1,-1
24394,-1,-1,-1,-1,-1,-1,-1,-1,-1,-1
24396,-1,-1,-1,-1,-1,-1,-1,-1,-1,-1
24398,-1,-1,-1,-1,-1,-1,-1,-1,-1,-1
24400,-1,-1,-1,-1,-1,-1,-1,-1,-1,-1
24402,-1,-1,-1,-1,-1,-1,-1,-1,-1,-1
24404,-1,-1,-1,-1,-1,-1,-1,-1,-1,-1
24406,-1,-1,-1,-1,-1,-1,-1,-1,-1,-1
24408,-1,-1,-1,-1,-1,-1,-1,-1,-1,-1
24410,-1,-1,-1,-1,-1,-1,-1,-1,-1,-1
24412,-1,-1,-1,-1,-1,-1,-1,-1,-1,-1
24414,-1,-1,-1,-1,-1,-1,-1,-1,-1,-1
24416,-1,-1,-1,-1,-1,-1,-1,-1,-1,-1
24418,-1,-1,-1,-1,-1,-1,-1,-1,-1,-1
24420,-1,-1,-1,-1,-1,-1,-1,-1,-1,-1
24422,-1,-1,-1,-1,-1,-1,-1,-1,-1,-1
24424,-1,-1,-1,-1,-1,-1,-1,-1,-1,-1
24426,-1,-1,-1,-1,-1,-1,-1,-1,-1,-1
24428,-1,-1,-1,-1,-1,-1,-1,-1,-1,-1
24430,-1,-1,-1,-1,-1,-1,-1,-1,-1,-1
24432,-1,-1,-1,-1,-1,-1,-1,-1,-1,-1
24434,-1,-1,-1,-1,-1,-1,-1,-1,-1,-1
24436,-1,-1,-1,-1,-1,-1,-1,-1,-1,-1
24438,-1,-1,-1,-1,-1,-1,-1,-1,-1,-1
24440,-1,-1,-1,-1,-1,-1,-1,-1,-1,-1
24442,-1,-1,-1,-1,-1,-1,-1,-1,-1,-1
24444,-1,-1,-1,-1,-1,-1,-1,-1,-1,-1
24446,-1,-1,-1,-1,-1,-1,-1,-1,-1,-1
24448,-1,-1,-1,-1,-1,-1,-1,-1,-1,-1
24450,-1,-1,-1,-1,-1,-1,-1,-1,-1,-1
24452,-1,-1,-1,-1,-1,-1,-1,-1,-1,-1
24454,-1,-1,-1,-1,-1,-1,-1,-1,-1,-1
24456,-1,-1,-1,-1,-1,-1,-1,-1,-1,-1
24458,-1,-1,-1,-1,-1,-1,-1,-1,-1,-1
24460,-1,-1,-1,-1,-1,-1,-1,-1,-1,-1
24462,-1,-1,-1,-1,-1,-1,-1,-1,-1,-1
24464,-1,-1,-1,-1,-1,-1,-1,-1,-1,-1
24466,-1,-1,-1,-1,-1,-1,-1,-1,-1,-1
24468,-1,-1,-1,-1,-1,-1,-1,-1,-1,-1
24470,-1,-1,-1,-1,-1,-1,-1,-1,-1,-1
24472,-1,-1,-1,-1,-1,-1,-1,-1,-1,-1
24474,-1,-1,-1,-1,-1,-1,-1,-1,-1,-1
24476,-1,-1,-1,-1,-1,-1,-1,-1,-1,-1
24478,-1,-1,-1,-1,-1,-1,-1,-1,-1,-1
24480,-1,-1,-1,-1,-1,-1,-1,-1,-1,-1
24482,-1,-1,-1,-1,-1,-1,-1,-1,-1,-1
24484,-1,-1,-1,-1,-1,-1,-1,-1,-1,-1
24486,-1,-1,-1,-1,-1,-1,-1,-1,-1,-1
24488,-1,-1,-1,-1,-1,-1,-1,-1,-1,-1
24490,-1,-1,-1,-1,-1,-1,-1,-1,-1,-1
24492,-1,-1,-1,-1,-1,-1,-1,-1,-1,-1
24494,-1,-1,-1,-1,-1,-1,-1,-1,-1,-1
24496,-1,-1,-1,-1,-1,-1,-1,-1,-1,-1
24498,-1,-1,-1,-1,-1,-1,-1,-1,-1,-1
24500,-1,-1,-1,-1,-1,-1,-1,-1,-1,-1
24502,-1,-1,-1,-1,-1,-1,-1,-1,-1,-1
24504,-1,-1,-1,-1,-1,-1,-1,-1,-1,-1
24506,-1,-1,-1,-1,-1,-1,-1,-1,-1,-1
24508,-1,-1,-1,-1,-1,-1,-1,-1,-1,-1
24510,-1,-1,-1,-1,-1,-1,-1,-1,-1,-1
24512,-1,-1,-1,-1,-1,-1,-1,-1,-1,-1
24514,-1,-1,-1,-1,-1,-1,-1,-1,-1,-1
24516,-1,-1,-1,-1,-1,-1,-1,-1,-1,-1
24518,-1,-1,-1,-1,-1,-1,-1,-1,-1,-1
24520,-1,-1,-1,-1,-1,-1,-1,-1,-1,-1
24522,-1,-1,-1,-1,-1,-1,-1,-1,-1,-1
24524,-1,-1,-1,-1,-1,-1,-1,-1,-1,-1
24526,-1,-1,-1,-1,-1,-1,-1,-1,-1,-1
24528,-1,-1,-1,-1,-1,-1,-1,-1,-1,-1
24530,-1,-1,-1,-1,-1,-1,-1,-1,-1,-1
24532,-1,-1,-1,-1,-1,-1,-1,-1,-1,-1
24534,-1,-1,-1,-1,-1,-1,-1,-1,-1,-1
24536,-1,-1,-1,-1,-1,-1,-1,-1,-1,-1
24538,-1,-1,-1,-1,-1,-1,-1,-1,-1,-1
24540,-1,-1,-1,-1,-1,-1,-1,-1,-1,-1
24542,-1,-1,-1,-1,-1,-1,-1,-1,-1,-1
24544,-1,-1,-1,-1,-1,-1,-1,-1,-1,-1
24546,-1,-1,-1,-1,-1,-1,-1,-1,-1,-1
24548,-1,-1,-1,-1,-1,-1,-1,-1,-1,-1
24550,-1,-1,-1,-1,-1,-1,-1,-1,-1,-1
24552,-1,-1,-1,-1,-1,-1,-1,-1,-1,-1
24554,-1,-1,-1,-1,-1,-1,-1,-1,-1,-1
24556,-1,-1,-1,-1,-1,-1,-1,-1,-1,-1
24558,-1,-1,-1,-1,-1,-1,-1,-1,-1,-1
24560,-1,-1,-1,-1,-1,-1,-1,-1,-1,-1
24562,-1,-1,-1,-1,-1,-1,-1,-1,-1,-1
24564,-1,-1,-1,-1,-1,-1,-1,-1,-1,-1
24566,-1,-1,-1,-1,-1,-1,-1,-1,-1,-1
24568,-1,-1,-1,-1,-1,-1,-1,-1,-1,-1
24570,-1,-1,-1,-1,-1,-1,-1,-1,-1,-1
24572,-1,-1,-1,-1,-1,-1,-1,-1,-1,-1
24574,-1,-1,-1,-1,-1,-1,-1,-1,-1,-1
24576,-1,-1,-1,-1,-1,-1,-1,-1,-1,-1
24578,-1,-1,-1,-1,-1,-1,-1,-1,-1,-1
24580,-1,-1,-1,-1,-1,-1,-1,-1,-1,-1
24582,-1,-1,-1,-1,-1,-1,-1,-1,-1,-1
24584,-1,-1,-1,-1,-1,-1,-1,-1,-1,-1
24586,-1,-1,-1,-1,-1,-1,-1,-1,-1,-1
24588,-1,-1,-1,-1,-1,-1,-1,-1,-1,-1
24590,-1,-1,-1,-1,-1,-1,-1,-1,-1,-1
24592,-1,-1,-1,-1,-1,-1,-1,-1,-1,-1
24594,-1,-1,-1,-1,-1,-1,-1,-1,-1,-1
24596,-1,-1,-1,-1,-1,-1,-1,-1,-1,-1
24598,-1,-1,-1,-1,-1,-1,-1,-1,-1,-1
24600,-1,-1,-1,-1,-1,-1,-1,-1,-1,-1
24602,-1,-1,-1,-1,-1,-1,-1,-1,-1,-1
24604,-1,-1,-1,-1,-1,-1,-1,-1,-1,-1
24606,-1,-1,-1,-1,-1,-1,-1,-1,-1,-1
24608,-1,-1,-1,-1,-1,-1,-1,-1,-1,-1
24610,-1,-1,-1,-1,-1,-1,-1,-1,-1,-1
24612,-1,-1,-1,-1,-1,-1,-1,-1,-1,-1
24614,-1,-1,-1,-1,-1,-1,-1,-1,-1,-1
24616,-1,-1,-1,-1,-1,-1,-1,-1,-1,-1
24618,-1,-1,-1,-1,-1,-1,-1,-1,-1,-1
24620,-1,-1,-1,-1,-1,-1,-1,-1,-1,-1
24622,-1,-1,-1,-1,-1,-1,-1,-1,-1,-1
24624,-1,-1,-1,-1,-1,-1,-1,-1,-1,-1
24626,-1,-1,-1,-1,-1,-1,-1,-1,-1,-1
24628,-1,-1,-1,-1,-1,-1,-1,-1,-1,-1
24630,-1,-1,-1,-1,-1,-1,-1,-1,-1,-1
24632,-1,-1,-1,-1,-1,-1,-1,-1,-1,-1
24634,-1,-1,-1,-1,-1,-1,-1,-1,-1,-1
24636,-1,-1,-1,-1,-1,-1,-1,-1,-1,-1
24638,-1,-1,-1,-1,-1,-1,-1,-1,-1,-1
24640,-1,-1,-1,-1,-1,-1,-1,-1,-1,-1
24642,-1,-1,-1,-1,-1,-1,-1,-1,-1,-1
24644,-1,-1,-1,-1,-1,-1,-1,-1,-1,-1
24646,-1,-1,-1,-1,-1,-1,-1,-1,-1,-1
24648,-1,-1,-1,-1,-1,-1,-1,-1,-1,-1
24650,-1,-1,-1,-1,-1,-1,-1,-1,-1,-1
24652,-1,-1,-1,-1,-1,-1,-1,-1,-1,-1
24654,-1,-1,-1,-1,-1,-1,-1,-1,-1,-1
24656,-1,-1,-1,-1,-1,-1,-1,-1,-1,-1
24658,-1,-1,-1,-1,-1,-1,-1,-1,-1,-1
24660,-1,-1,-1,-1,-1,-1,-1,-1,-1,-1
24662,-1,-1,-1,-1,-1,-1,-1,-1,-1,-1
24664,-1,-1,-1,-1,-1,-1,-1,-1,-1,-1
24666,-1,-1,-1,-1,-1,-1,-1,-1,-1,-1
24668,-1,-1,-1,-1,-1,-1,-1,-1,-1,-1
24670,-1,-1,-1,-1,-1,-1,-1,-1,-1,-1
24672,-1,-1,-1,-1,-1,-1,-1,-1,-1,-1
24674,-1,-1,-1,-1,-1,-1,-1,-1,-1,-1
24676,-1,-1,-1,-1,-1,-1,-1,-1,-1,-1
24678,-1,-1,-1,-1,-1,-1,-1,-1,-1,-1
24680,-1,-1,-1,-1,-1,-1,-1,-1,-1,-1
24682,-1,-1,-1,-1,-1,-1,-1,-1,-1,-1
24684,-1,-1,-1,-1,-1,-1,-1,-1,-1,-1
24686,-1,-1,-1,-1,-1,-1,-1,-1,-1,-1
24688,-1,-1,-1,-1,-1,-1,-1,-1,-1,-1
24690,-1,-1,-1,-1,-1,-1,-1,-1,-1,-1
24692,-1,-1,-1,-1,-1,-1,-1,-1,-1,-1
24694,-1,-1,-1,-1,-1,-1,-1,-1,-1,-1
24696,-1,-1,-1,-1,-1,-1,-1,-1,-1,-1
24698,-1,-1,-1,-1,-1,-1,-1,-1,-1,-1
24700,-1,-1,-1,-1,-1,-1,-1,-1,-1,-1
24702,-1,-1,-1,-1,-1,-1,-1,-1,-1,-1
24704,-1,-1,-1,-1,-1,-1,-1,-1,-1,-1
24706,-1,-1,-1,-1,-1,-1,-1,-1,-1,-1
24708,-1,-1,-1,-1,-1,-1,-1,-1,-1,-1
24710,-1,-1,-1,-1,-1,-1,-1,-1,-1,-1
24712,-1,-1,-1,-1,-1,-1,-1,-1,-1,-1
24714,-1,-1,-1,-1,-1,-1,-1,-1,-1,-1
24716,-1,-1,-1,-1,-1,-1,-1,-1,-1,-1
24718,-1,-1,-1,-1,-1,-1,-1,-1,-1,-1
24720,-1,-1,-1,-1,-1,-1,-1,-1,-1,-1
24722,-1,-1,-1,-1,-1,-1,-1,-1,-1,-1
24724,-1,-1,-1,-1,-1,-1,-1,-1,-1,-1
24726,-1,-1,-1,-1,-1,-1,-1,-1,-1,-1
24728,-1,-1,-1,-1,-1,-1,-1,-1,-1,-1
24730,-1,-1,-1,-1,-1,-1,-1,-1,-1,-1
24732,-1,-1,-1,-1,-1,-1,-1,-1,-1,-1
24734,-1,-1,-1,-1,-1,-1,-1,-1,-1,-1
24736,-1,-1,-1,-1,-1,-1,-1,-1,-1,-1
24738,-1,-1,-1,-1,-1,-1,-1,-1,-1,-1
24740,-1,-1,-1,-1,-1,-1,-1,-1,-1,-1
24742,-1,-1,-1,-1,-1,-1,-1,-1,-1,-1
24744,-1,-1,-1,-1,-1,-1,-1,-1,-1,-1
24746,-1,-1,-1,-1,-1,-1,-1,-1,-1,-1
24748,-1,-1,-1,-1,-1,-1,-1,-1,-1,-1
24750,-1,-1,-1,-1,-1,-1,-1,-1,-1,-1
24752,-1,-1,-1,-1,-1,-1,-1,-1,-1,-1
24754,-1,-1,-1,-1,-1,-1,-1,-1,-1,-1
24756,-1,-1,-1,-1,-1,-1,-1,-1,-1,-1
24758,-1,-1,-1,-1,-1,-1,-1,-1,-1,-1
24760,-1,-1,-1,-1,-1,-1,-1,-1,-1,-1
24762,-1,-1,-1,-1,-1,-1,-1,-1,-1,-1
24764,-1,-1,-1,-1,-1,-1,-1,-1,-1,-1
24766,-1,-1,-1,-1,-1,-1,-1,-1,-1,-1
24768,-1,-1,-1,-1,-1,-1,-1,-1,-1,-1
24770,-1,-1,-1,-1,-1,-1,-1,-1,-1,-1
24772,-1,-1,-1,-1,-1,-1,-1,-1,-1,-1
24774,-1,-1,-1,-1,-1,-1,-1,-1,-1,-1
24776,-1,-1,-1,-1,-1,-1,-1,-1,-1,-1
24778,-1,-1,-1,-1,-1,-1,-1,-1,-1,-1
24780,-1,-1,-1,-1,-1,-1,-1,-1,-1,-1
24782,-1,-1,-1,-1,-1,-1,-1,-1,-1,-1
24784,-1,-1,-1,-1,-1,-1,-1,-1,-1,-1
24786,-1,-1,-1,-1,-1,-1,-1,-1,-1,-1
24788,-1,-1,-1,-1,-1,-1,-1,-1,-1,-1
24790,-1,-1,-1,-1,-1,-1,-1,-1,-1,-1
24792,-1,-1,-1,-1,-1,-1,-1,-1,-1,-1
24794,-1,-1,-1,-1,-1,-1,-1,-1,-1,-1
24796,-1,-1,-1,-1,-1,-1,-1,-1,-1,-1
24798,-1,-1,-1,-1,-1,-1,-1,-1,-1,-1
24800,-1,-1,-1,-1,-1,-1,-1,-1,-1,-1
24802,-1,-1,-1,-1,-1,-1,-1,-1,-1,-1
24804,-1,-1,-1,-1,-1,-1,-1,-1,-1,-1
24806,-1,-1,-1,-1,-1,-1,-1,-1,-1,-1
24808,-1,-1,-1,-1,-1,-1,-1,-1,-1,-1
24810,-1,-1,-1,-1,-1,-1,-1,-1,-1,-1
24812,-1,-1,-1,-1,-1,-1,-1,-1,-1,-1
24814,-1,-1,-1,-1,-1,-1,-1,-1,-1,-1
24816,-1,-1,-1,-1,-1,-1,-1,-1,-1,-1
24818,-1,-1,-1,-1,-1,-1,-1,-1,-1,-1
24820,-1,-1,-1,-1,-1,-1,-1,-1,-1,-1
24822,-1,-1,-1,-1,-1,-1,-1,-1,-1,-1
24824,-1,-1,-1,-1,-1,-1,-1,-1,-1,-1
24826,-1,-1,-1,-1,-1,-1,-1,-1,-1,-1
24828,-1,-1,-1,-1,-1,-1,-1,-1,-1,-1
24830,-1,-1,-1,-1,-1,-1,-1,-1,-1,-1
24832,-1,-1,-1,-1,-1,-1,-1,-1,-1,-1
24834,-1,-1,-1,-1,-1,-1,-1,-1,-1,-1
24836,-1,-1,-1,-1,-1,-1,-1,-1,-1,-1
24838,-1,-1,-1,-1,-1,-1,-1,-1,-1,-1
24840,-1,-1,-1,-1,-1,-1,-1,-1,-1,-1
24842,-1,-1,-1,-1,-1,-1,-1,-1,-1,-1
24844,-1,-1,-1,-1,-1,-1,-1,-1,-1,-1
24846,-1,-1,-1,-1,-1,-1,-1,-1,-1,-1
24848,-1,-1,-1,-1,-1,-1,-1,-1,-1,-1
24850,-1,-1,-1,-1,-1,-1,-1,-1,-1,-1
24852,-1,-1,-1,-1,-1,-1,-1,-1,-1,-1
24854,-1,-1,-1,-1,-1,-1,-1,-1,-1,-1
24856,-1,-1,-1,-1,-1,-1,-1,-1,-1,-1
24858,-1,-1,-1,-1,-1,-1,-1,-1,-1,-1
24860,-1,-1,-1,-1,-1,-1,-1,-1,-1,-1
24862,-1,-1,-1,-1,-1,-1,-1,-1,-1,-1
24864,-1,-1,-1,-1,-1,-1,-1,-1,-1,-1
24866,-1,-1,-1,-1,-1,-1,-1,-1,-1,-1
24868,-1,-1,-1,-1,-1,-1,-1,-1,-1,-1
24870,-1,-1,-1,-1,-1,-1,-1,-1,-1,-1
24872,-1,-1,-1,-1,-1,-1,-1,-1,-1,-1
24874,-1,-1,-1,-1,-1,-1,-1,-1,-1,-1
24876,-1,-1,-1,-1,-1,-1,-1,-1,-1,-1
24878,-1,-1,-1,-1,-1,-1,-1,-1,-1,-1
24880,-1,-1,-1,-1,-1,-1,-1,-1,-1,-1
24882,-1,-1,-1,-1,-1,-1,-1,-1,-1,-1
24884,-1,-1,-1,-1,-1,-1,-1,-1,-1,-1
24886,-1,-1,-1,-1,-1,-1,-1,-1,-1,-1
24888,-1,-1,-1,-1,-1,-1,-1,-1,-1,-1
24890,-1,-1,-1,-1,-1,-1,-1,-1,-1,-1
24892,-1,-1,-1,-1,-1,-1,-1,-1,-1,-1
24894,-1,-1,-1,-1,-1,-1,-1,-1,-1,-1
24896,-1,-1,-1,-1,-1,-1,-1,-1,-1,-1
24898,-1,-1,-1,-1,-1,-1,-1,-1,-1,-1
24900,-1,-1,-1,-1,-1,-1,-1,-1,-1,-1
24902,-1,-1,-1,-1,-1,-1,-1,-1,-1,-1
24904,-1,-1,-1,-1,-1,-1,-1,-1,-1,-1
24906,-1,-1,-1,-1,-1,-1,-1,-1,-1,-1
24908,-1,-1,-1,-1,-1,-1,-1,-1,-1,-1
24910,-1,-1,-1,-1,-1,-1,-1,-1,-1,-1
24912,-1,-1,-1,-1,-1,-1,-1,-1,-1,-1
24914,-1,-1,-1,-1,-1,-1,-1,-1,-1,-1
24916,-1,-1,-1,-1,-1,-1,-1,-1,-1,-1
24918,-1,-1,-1,-1,-1,-1,-1,-1,-1,-1
24920,-1,-1,-1,-1,-1,-1,-1,-1,-1,-1
24922,-1,-1,-1,-1,-1,-1,-1,-1,-1,-1
24924,-1,-1,-1,-1,-1,-1,-1,-1,-1,-1
24926,-1,-1,-1,-1,-1,-1,-1,-1,-1,-1
24928,-1,-1,-1,-1,-1,-1,-1,-1,-1,-1
24930,-1,-1,-1,-1,-1,-1,-1,-1,-1,-1
24932,-1,-1,-1,-1,-1,-1,-1,-1,-1,-1
24934,-1,-1,-1,-1,-1,-1,-1,-1,-1,-1
24936,-1,-1,-1,-1,-1,-1,-1,-1,-1,-1
24938,-1,-1,-1,-1,-1,-1,-1,-1,-1,-1
24940,-1,-1,-1,-1,-1,-1,-1,-1,-1,-1
24942,-1,-1,-1,-1,-1,-1,-1,-1,-1,-1
24944,-1,-1,-1,-1,-1,-1,-1,-1,-1,-1
24946,-1,-1,-1,-1,-1,-1,-1,-1,-1,-1
24948,-1,-1,-1,-1,-1,-1,-1,-1,-1,-1
24950,-1,-1,-1,-1,-1,-1,-1,-1,-1,-1
24952,-1,-1,-1,-1,-1,-1,-1,-1,-1,-1
24954,-1,-1,-1,-1,-1,-1,-1,-1,-1,-1
24956,-1,-1,-1,-1,-1,-1,-1,-1,-1,-1
24958,-1,-1,-1,-1,-1,-1,-1,-1,-1,-1
24960,-1,-1,-1,-1,-1,-1,-1,-1,-1,-1
24962,-1,-1,-1,-1,-1,-1,-1,-1,-1,-1
24964,-1,-1,-1,-1,-1,-1,-1,-1,-1,-1
24966,-1,-1,-1,-1,-1,-1,-1,-1,-1,-1
24968,-1,-1,-1,-1,-1,-1,-1,-1,-1,-1
24970,-1,-1,-1,-1,-1,-1,-1,-1,-1,-1
24972,-1,-1,-1,-1,-1,-1,-1,-1,-1,-1
24974,-1,-1,-1,-1,-1,-1,-1,-1,-1,-1
24976,-1,-1,-1,-1,-1,-1,-1,-1,-1,-1
24978,-1,-1,-1,-1,-1,-1,-1,-1,-1,-1
27752,-1,-1,-1,-1,-1,-1,-1,-1,-1,-1
27754,-1,-1,-1,-1,-1,-1,-1,-1,-1,-1
27756,-1,-1,-1,-1,-1,-1,-1,-1,-1,-1
27758,-1,-1,-1,-1,-1,-1,-1,-1,-1,-1
27760,-1,-1,-1,-1,-1,-1,-1,-1,-1,-1
27762,-1,-1,-1,-1,-1,-1,-1,-1,-1,-1
27764,-1,-1,-1,-1,-1,-1,-1,-1,-1,-1
27766,-1,-1,-1,-1,-1,-1,-1,-1,-1,-1
27768,-1,-1,-1,-1,-1,-1,-1,-1,-1,-1
27770,-1,-1,-1,-1,-1,-1,-1,-1,-1,-1
27772,-1,-1,-1,-1,-1,-1,-1,-1,-1,-1
27774,-1,-1,-1,-1,-1,-1,-1,-1,-1,-1
27776,-1,-1,-1,-1,-1,-1,-1,-1,-1,-1
27778,-1,-1,-1,-1,-1,-1,-1,-1,-1,-1
27780,-1,-1,-1,-1,-1,-1,-1,-1,-1,-1
27782,-1,-1,-1,-1,-1,-1,-1,-1,-1,-1
27784,-1,-1,-1,-1,-1,-1,-1,-1,-1,-1
27786,-1,-1,-1,-1,-1,-1,-1,-1,-1,-1
27788,-1,-1,-1,-1,-1,-1,-1,-1,-1,-1
27790,-1,-1,-1,-1,-1,-1,-1,-1,-1,-1
27792,-1,-1,-1,-1,-1,-1,-1,-1,-1,-1
27794,-1,-1,-1,-1,-1,-1,-1,-1,-1,-1
27796,-1,-1,-1,-1,-1,-1,-1,-1,-1,-1
27798,-1,-1,-1,-1,-1,-1,-1,-1,-1,-1
27800,-1,-1,-1,-1,-1,-1,-1,-1,-1,-1
27802,-1,-1,-1,-1,-1,-1,-1,-1,-1,-1
27804,-1,-1,-1,-1,-1,-1,-1,-1,-1,-1
27806,-1,-1,-1,-1,-1,-1,-1,-1,-1,-1
27808,-1,-1,-1,-1,-1,-1,-1,-1,-1,-1
27810,-1,-1,-1,-1,-1,-1,-1,-1,-1,-1
27812,-1,-1,-1,-1,-1,-1,-1,-1,-1,-1
27814,-1,-1,-1,-1,-1,-1,-1,-1,-1,-1
27816,-1,-1,-1,-1,-1,-1,-1,-1,-1,-1
27818,-1,-1,-1,-1,-1,-1,-1,-1,-1,-1
27820,-1,-1,-1,-1,-1,-1,-1,-1,-1,-1
27822,-1,-1,-1,-1,-1,-1,-1,-1,-1,-1
27824,-1,-1,-1,-1,-1,-1,-1,-1,-1,-1
27826,-1,-1,-1,-1,-1,-1,-1,-1,-1,-1
27828,-1,-1,-1,-1,-1,-1,-1,-1,-1,-1
27830,-1,-1,-1,-1,-1,-1,-1,-1,-1,-1
27832,-1,-1,-1,-1,-1,-1,-1,-1,-1,-1
27834,-1,-1,-1,-1,-1,-1,-1,-1,-1,-1
27836,-1,-1,-1,-1,-1,-1,-1,-1,-1,-1
27838,-1,-1,-1,-1,-1,-1,-1,-1,-1,-1
27840,-1,-1,-1,-1,-1,-1,-1,-1,-1,-1
27842,-1,-1,-1,-1,-1,-1,-1,-1,-1,-1
27844,-1,-1,-1,-1,-1,-1,-1,-1,-1,-1
27846,-1,-1,-1,-1,-1,-1,-1,-1,-1,-1
27848,-1,-1,-1,-1,-1,-1,-1,-1,-1,-1
27850,-1,-1,-1,-1,-1,-1,-1,-1,-1,-1
27852,-1,-1,-1,-1,-1,-1,-1,-1,-1,-1
27854,-1,-1,-1,-1,-1,-1,-1,-1,-1,-1
27856,-1,-1,-1,-1,-1,-1,-1,-1,-1,-1
27858,-1,-1,-1,-1,-1,-1,-1,-1,-1,-1
27860,-1,-1,-1,-1,-1,-1,-1,-1,-1,-1
27862,-1,-1,-1,-1,-1,-1,-1,-1,-1,-1
27864,-1,-1,-1,-1,-1,-1,-1,-1,-1,-1
27866,-1,-1,-1,-1,-1,-1,-1,-1,-1,-1
27868,-1,-1,-1,-1,-1,-1,-1,-1,-1,-1
27870,-1,-1,-1,-1,-1,-1,-1,-1,-1,-1
27872,-1,-1,-1,-1,-1,-1,-1,-1,-1,-1
27874,-1,-1,-1,-1,-1,-1,-1,-1,-1,-1
27876,-1,-1,-1,-1,-1,-1,-1,-1,-1,-1
27878,-1,-1,-1,-1,-1,-1,-1,-1,-1,-1
27880,-1,-1,-1,-1,-1,-1,-1,-1,-1,-1
27882,-1,-1,-1,-1,-1,-1,-1,-1,-1,-1
27884,-1,-1,-1,-1,-1,-1,-1,-1,-1,-1
27886,-1,-1,-1,-1,-1,-1,-1,-1,-1,-1
27888,-1,-1,-1,-1,-1,-1,-1,-1,-1,-1
27890,-1,-1,-1,-1,-1,-1,-1,-1,-1,-1
27892,-1,-1,-1,-1,-1,-1,-1,-1,-1,-1
27894,-1,-1,-1,-1,-1,-1,-1,-1,-1,-1
27896,-1,-1,-1,-1,-1,-1,-1,-1,-1,-1
27898,-1,-1,-1,-1,-1,-1,-1,-1,-1,-1
27900,-1,-1,-1,-1,-1,-1,-1,-1,-1,-1
27902,-1,-1,-1,-1,-1,-1,-1,-1,-1,-1
27904,-1,-1,-1,-1,-1,-1,-1,-1,-1,-1
27906,-1,-1,-1,-1,-1,-1,-1,-1,-1,-1
27908,-1,-1,-1,-1,-1,-1,-1,-1,-1,-1
27910,-1,-1,-1,-1,-1,-1,-1,-1,-1,-1
27912,-1,-1,-1,-1,-1,-1,-1,-1,-1,-1
27914,-1,-1,-1,-1,-1,-1,-1,-1,-1,-1
27916,-1,-1,-1,-1,-1,-1,-1,-1,-1,-1
27918,-1,-1,-1,-1,-1,-1,-1,-1,-1,-1
27920,-1,-1,-1,-1,-1,-1,-1,-1,-1,-1
27922,-1,-1,-1,-1,-1,-1,-1,-1,-1,-1
27924,-1,-1,-1,-1,-1,-1,-1,-1,-1,-1
27926,-1,-1,-1,-1,-1,-1,-1,-1,-1,-1
27928,-1,-1,-1,-1,-1,-1,-1,-1,-1,-1
27930,-1,-1,-1,-1,-1,-1,-1,-1,-1,-1
27932,-1,-1,-1,-1,-1,-1,-1,-1,-1,-1
27934,-1,-1,-1,-1,-1,-1,-1,-1,-1,-1
27936,-1,-1,-1,-1,-1,-1,-1,-1,-1,-1
27938,-1,-1,-1,-1,-1,-1,-1,-1,-1,-1
27940,-1,-1,-1,-1,-1,-1,-1,-1,-1,-1
27942,-1,-1,-1,-1,-1,-1,-1,-1,-1,-1
27944,-1,-1,-1,-1,-1,-1,-1,-1,-1,-1
27946,-1,-1,-1,-1,-1,-1,-1,-1,-1,-1
27948,-1,-1,-1,-1,-1,-1,-1,-1,-1,-1
27950,-1,-1,-1,-1,-1,-1,-1,-1,-1,-1
27952,-1,-1,-1,-1,-1,-1,-1,-1,-1,-1
27954,-1,-1,-1,-1,-1,-1,-1,-1,-1,-1
27956,-1,-1,-1,-1,-1,-1,-1,-1,-1,-1
27958,-1,-1,-1,-1,-1,-1,-1,-1,-1,-1
27960,-1,-1,-1,-1,-1,-1,-1,-1,-1,-1
27962,-1,-1,-1,-1,-1,-1,-1,-1,-1,-1
27964,-1,-1,-1,-1,-1,-1,-1,-1,-1,-1
27966,-1,-1,-1,-1,-1,-1,-1,-1,-1,-1
28208,-1,-1,-1,-1,-1,-1,-1,-1,-1,-1
28210,-1,-1,-1,-1,-1,-1,-1,-1,-1,-1
28212,-1,-1,-1,-1,-1,-1,-1,-1,-1,-1
28214,-1,-1,-1,-1,-1,-1,-1,-1,-1,-1
28216,-1,-1,-1,-1,-1,-1,-1,-1,-1,-1
28218,-1,-1,-1,-1,-1,-1,-1,-1,-1,-1
28220,-1,-1,-1,-1,-1,-1,-1,-1,-1,-1
28222,-1,-1,-1,-1,-1,-1,-1,-1,-1,-1
28224,-1,-1,-1,-1,-1,-1,-1,-1,-1,-1
28226,-1,-1,-1,-1,-1,-1,-1,-1,-1,-1
28228,-1,-1,-1,-1,-1,-1,-1,-1,-1,-1
28230,-1,-1,-1,-1,-1,-1,-1,-1,-1,-1
28232,-1,-1,-1,-1,-1,-1,-1,-1,-1,-1
28234,-1,-1,-1,-1,-1,-1,-1,-1,-1,-1
28236,-1,-1,-1,-1,-1,-1,-1,-1,-1,-1
28238,-1,-1,-1,-1,-1,-1,-1,-1,-1,-1
28240,-1,-1,-1,-1,-1,-1,-1,-1,-1,-1
28242,-1,-1,-1,-1,-1,-1,-1,-1,-1,-1
28244,-1,-1,-1,-1,-1,-1,-1,-1,-1,-1
28246,-1,-1,-1,-1,-1,-1,-1,-1,-1,-1
28248,-1,-1,-1,-1,-1,-1,-1,-1,-1,-1
28250,-1,-1,-1,-1,-1,-1,-1,-1,-1,-1
28252,-1,-1,-1,-1,-1,-1,-1,-1,-1,-1
28254,-1,-1,-1,-1,-1,-1,-1,-1,-1,-1
28256,-1,-1,-1,-1,-1,-1,-1,-1,-1,-1
28258,-1,-1,-1,-1,-1,-1,-1,-1,-1,-1
28260,-1,-1,-1,-1,-1,-1,-1,-1,-1,-1
28262,-1,-1,-1,-1,-1,-1,-1,-1,-1,-1
28264,-1,-1,-1,-1,-1,-1,-1,-1,-1,-1
28266,-1,-1,-1,-1,-1,-1,-1,-1,-1,-1
28268,-1,-1,-1,-1,-1,-1,-1,-1,-1,-1
28270,-1,-1,-1,-1,-1,-1,-1,-1,-1,-1
28272,-1,-1,-1,-1,-1,-1,-1,-1,-1,-1
28274,-1,-1,-1,-1,-1,-1,-1,-1,-1,-1
28276,-1,-1,-1,-1,-1,-1,-1,-1,-1,-1
28278,-1,-1,-1,-1,-1,-1,-1,-1,-1,-1
28280,-1,-1,-1,-1,-1,-1,-1,-1,-1,-1
28282,-1,-1,-1,-1,-1,-1,-1,-1,-1,-1
28284,-1,-1,-1,-1,-1,-1,-1,-1,-1,-1
28286,-1,-1,-1,-1,-1,-1,-1,-1,-1,-1
28288,-1,-1,-1,-1,-1,-1,-1,-1,-1,-1
28290,-1,-1,-1,-1,-1,-1,-1,-1,-1,-1
28292,-1,-1,-1,-1,-1,-1,-1,-1,-1,-1
28294,-1,-1,-1,-1,-1,-1,-1,-1,-1,-1
28296,-1,-1,-1,-1,-1,-1,-1,-1,-1,-1
28298,-1,-1,-1,-1,-1,-1,-1,-1,-1,-1
28300,-1,-1,-1,-1,-1,-1,-1,-1,-1,-1
28302,-1,-1,-1,-1,-1,-1,-1,-1,-1,-1
28304,-1,-1,-1,-1,-1,-1,-1,-1,-1,-1
28306,-1,-1,-1,-1,-1,-1,-1,-1,-1,-1
28308,-1,-1,-1,-1,-1,-1,-1,-1,-1,-1
28310,-1,-1,-1,-1,-1,-1,-1,-1,-1,-1
28312,-1,-1,-1,-1,-1,-1,-1,-1,-1,-1
28314,-1,-1,-1,-1,-1,-1,-1,-1,-1,-1
28316,-1,-1,-1,-1,-1,-1,-1,-1,-1,-1
28318,-1,-1,-1,-1,-1,-1,-1,-1,-1,-1
28320,-1,-1,-1,-1,-1,-1,-1,-1,-1,-1
28322,-1,-1,-1,-1,-1,-1,-1,-1,-1,-1
28324,-1,-1,-1,-1,-1,-1,-1,-1,-1,-1
28326,-1,-1,-1,-1,-1,-1,-1,-1,-1,-1
28328,-1,-1,-1,-1,-1,-1,-1,-1,-1,-1
28330,-1,-1,-1,-1,-1,-1,-1,-1,-1,-1
28332,-1,-1,-1,-1,-1,-1,-1,-1,-1,-1
28334,-1,-1,-1,-1,-1,-1,-1,-1,-1,-1
28336,-1,-1,-1,-1,-1,-1,-1,-1,-1,-1
28338,-1,-1,-1,-1,-1,-1,-1,-1,-1,-1
28340,-1,-1,-1,-1,-1,-1,-1,-1,-1,-1
28342,-1,-1,-1,-1,-1,-1,-1,-1,-1,-1
28344,-1,-1,-1,-1,-1,-1,-1,-1,-1,-1
28346,-1,-1,-1,-1,-1,-1,-1,-1,-1,-1
28348,-1,-1,-1,-1,-1,-1,-1,-1,-1,-1
28350,-1,-1,-1,-1,-1,-1,-1,-1,-1,-1
28352,-1,-1,-1,-1,-1,-1,-1,-1,-1,-1
28354,-1,-1,-1,-1,-1,-1,-1,-1,-1,-1
28356,-1,-1,-1,-1,-1,-1,-1,-1,-1,-1
28358,-1,-1,-1,-1,-1,-1,-1,-1,-1,-1
28360,-1,-1,-1,-1,-1,-1,-1,-1,-1,-1
28362,-1,-1,-1,-1,-1,-1,-1,-1,-1,-1
28364,-1,-1,-1,-1,-1,-1,-1,-1,-1,-1
28366,-1,-1,-1,-1,-1,-1,-1,-1,-1,-1
28368,-1,-1,-1,-1,-1,-1,-1,-1,-1,-1
28370,-1,-1,-1,-1,-1,-1,-1,-1,-1,-1
28372,-1,-1,-1,-1,-1,-1,-1,-1,-1,-1
28374,-1,-1,-1,-1,-1,-1,-1,-1,-1,-1
28376,-1,-1,-1,-1,-1,-1,-1,-1,-1,-1
28378,-1,-1,-1,-1,-1,-1,-1,-1,-1,-1
28380,-1,-1,-1,-1,-1,-1,-1,-1,-1,-1
28382,-1,-1,-1,-1,-1,-1,-1,-1,-1,-1
28384,-1,-1,-1,-1,-1,-1,-1,-1,-1,-1
28386,-1,-1,-1,-1,-1,-1,-1,-1,-1,-1
28388,-1,-1,-1,-1,-1,-1,-1,-1,-1,-1
28390,-1,-1,-1,-1,-1,-1,-1,-1,-1,-1
28392,-1,-1,-1,-1,-1,-1,-1,-1,-1,-1
28394,-1,-1,-1,-1,-1,-1,-1,-1,-1,-1
28396,-1,-1,-1,-1,-1,-1,-1,-1,-1,-1
28398,-1,-1,-1,-1,-1,-1,-1,-1,-1,-1
28400,-1,-1,-1,-1,-1,-1,-1,-1,-1,-1
28402,-1,-1,-1,-1,-1,-1,-1,-1,-1,-1
28404,-1,-1,-1,-1,-1,-1,-1,-1,-1,-1
28406,-1,-1,-1,-1,-1,-1,-1,-1,-1,-1
28408,-1,-1,-1,-1,-1,-1,-1,-1,-1,-1
28410,-1,-1,-1,-1,-1,-1,-1,-1,-1,-1
28412,-1,-1,-1,-1,-1,-1,-1,-1,-1,-1
28414,-1,-1,-1,-1,-1,-1,-1,-1,-1,-1
28416,-1,-1,-1,-1,-1,-1,-1,-1,-1,-1
28418,-1,-1,-1,-1,-1,-1,-1,-1,-1,-1
28420,-1,-1,-1,-1,-1,-1,-1,-1,-1,-1
28422,-1,-1,-1,-1,-1,-1,-1,-1,-1,-1
28424,-1,-1,-1,-1,-1,-1,-1,-1,-1,-1
28426,-1,-1,-1,-1,-1,-1,-1,-1,-1,-1
28428,-1,-1,-1,-1,-1,-1,-1,-1,-1,-1
28430,-1,-1,-1,-1,-1,-1,-1,-1,-1,-1
28432,-1,-1,-1,-1,-1,-1,-1,-1,-1,-1
28434,-1,-1,-1,-1,-1,-1,-1,-1,-1,-1
28436,-1,-1,-1,-1,-1,-1,-1,-1,-1,-1
28438,-1,-1,-1,-1,-1,-1,-1,-1,-1,-1
28440,-1,-1,-1,-1,-1,-1,-1,-1,-1,-1
28442,-1,-1,-1,-1,-1,-1,-1,-1,-1,-1
28444,-1,-1,-1,-1,-1,-1,-1,-1,-1,-1
28446,-1,-1,-1,-1,-1,-1,-1,-1,-1,-1
28448,-1,-1,-1,-1,-1,-1,-1,-1,-1,-1
28450,-1,-1,-1,-1,-1,-1,-1,-1,-1,-1
28452,-1,-1,-1,-1,-1,-1,-1,-1,-1,-1
28454,-1,-1,-1,-1,-1,-1,-1,-1,-1,-1
28456,-1,-1,-1,-1,-1,-1,-1,-1,-1,-1
28458,-1,-1,-1,-1,-1,-1,-1,-1,-1,-1
28460,-1,-1,-1,-1,-1,-1,-1,-1,-1,-1
28462,-1,-1,-1,-1,-1,-1,-1,-1,-1,-1
28464,-1,-1,-1,-1,-1,-1,-1,-1,-1,-1
28466,-1,-1,-1,-1,-1,-1,-1,-1,-1,-1
28468,-1,-1,-1,-1,-1,-1,-1,-1,-1,-1
28470,-1,-1,-1,-1,-1,-1,-1,-1,-1,-1
28472,-1,-1,-1,-1,-1,-1,-1,-1,-1,-1
28474,-1,-1,-1,-1,-1,-1,-1,-1,-1,-1
28476,-1,-1,-1,-1,-1,-1,-1,-1,-1,-1
28478,-1,-1,-1,-1,-1,-1,-1,-1,-1,-1
28480,-1,-1,-1,-1,-1,-1,-1,-1,-1,-1
28482,-1,-1,-1,-1,-1,-1,-1,-1,-1,-1
28484,-1,-1,-1,-1,-1,-1,-1,-1,-1,-1
28486,-1,-1,-1,-1,-1,-1,-1,-1,-1,-1
28488,-1,-1,-1,-1,-1,-1,-1,-1,-1,-1
28490,-1,-1,-1,-1,-1,-1,-1,-1,-1,-1
28492,-1,-1,-1,-1,-1,-1,-1,-1,-1,-1
28494,-1,-1,-1,-1,-1,-1,-1,-1,-1,-1
28496,-1,-1,-1,-1,-1,-1,-1,-1,-1,-1
28498,-1,-1,-1,-1,-1,-1,-1,-1,-1,-1
28500,-1,-1,-1,-1,-1,-1,-1,-1,-1,-1
28502,-1,-1,-1,-1,-1,-1,-1,-1,-1,-1
28504,-1,-1,-1,-1,-1,-1,-1,-1,-1,-1
28506,-1,-1,-1,-1,-1,-1,-1,-1,-1,-1
28508,-1,-1,-1,-1,-1,-1,-1,-1,-1,-1
28510,-1,-1,-1,-1,-1,-1,-1,-1,-1,-1
28512,-1,-1,-1,-1,-1,-1,-1,-1,-1,-1
28514,-1,-1,-1,-1,-1,-1,-1,-1,-1,-1
28516,-1,-1,-1,-1,-1,-1,-1,-1,-1,-1
28518,-1,-1,-1,-1,-1,-1,-1,-1,-1,-1
28520,-1,-1,-1,-1,-1,-1,-1,-1,-1,-1
28522,-1,-1,-1,-1,-1,-1,-1,-1,-1,-1
28524,-1,-1,-1,-1,-1,-1,-1,-1,-1,-1
28526,-1,-1,-1,-1,-1,-1,-1,-1,-1,-1
28528,-1,-1,-1,-1,-1,-1,-1,-1,-1,-1
28530,-1,-1,-1,-1,-1,-1,-1,-1,-1,-1
28532,-1,-1,-1,-1,-1,-1,-1,-1,-1,-1
28534,-1,-1,-1,-1,-1,-1,-1,-1,-1,-1
28536,-1,-1,-1,-1,-1,-1,-1,-1,-1,-1
28538,-1,-1,-1,-1,-1,-1,-1,-1,-1,-1
28540,-1,-1,-1,-1,-1,-1,-1,-1,-1,-1
28542,-1,-1,-1,-1,-1,-1,-1,-1,-1,-1
28544,-1,-1,-1,-1,-1,-1,-1,-1,-1,-1
28546,-1,-1,-1,-1,-1,-1,-1,-1,-1,-1
28548,-1,-1,-1,-1,-1,-1,-1,-1,-1,-1
28550,-1,-1,-1,-1,-1,-1,-1,-1,-1,-1
28552,-1,-1,-1,-1,-1,-1,-1,-1,-1,-1
28554,-1,-1,-1,-1,-1,-1,-1,-1,-1,-1
28556,-1,-1,-1,-1,-1,-1,-1,-1,-1,-1
28558,-1,-1,-1,-1,-1,-1,-1,-1,-1,-1
28560,-1,-1,-1,-1,-1,-1,-1,-1,-1,-1
28562,-1,-1,-1,-1,-1,-1,-1,-1,-1,-1
28564,-1,-1,-1,-1,-1,-1,-1,-1,-1,-1
28566,-1,-1,-1,-1,-1,-1,-1,-1,-1,-1
28568,-1,-1,-1,-1,-1,-1,-1,-1,-1,-1
28570,-1,-1,-1,-1,-1,-1,-1,-1,-1,-1
28572,-1,-1,-1,-1,-1,-1,-1,-1,-1,-1
28574,-1,-1,-1,-1,-1,-1,-1,-1,-1,-1
28576,-1,-1,-1,-1,-1,-1,-1,-1,-1,-1
28578,-1,-1,-1,-1,-1,-1,-1,-1,-1,-1
28580,-1,-1,-1,-1,-1,-1,-1,-1,-1,-1
28582,-1,-1,-1,-1,-1,-1,-1,-1,-1,-1
28584,-1,-1,-1,-1,-1,-1,-1,-1,-1,-1
28586,-1,-1,-1,-1,-1,-1,-1,-1,-1,-1
28588,-1,-1,-1,-1,-1,-1,-1,-1,-1,-1
28590,-1,-1,-1,-1,-1,-1,-1,-1,-1,-1
28592,-1,-1,-1,-1,-1,-1,-1,-1,-1,-1
28594,-1,-1,-1,-1,-1,-1,-1,-1,-1,-1
28596,-1,-1,-1,-1,-1,-1,-1,-1,-1,-1
28598,-1,-1,-1,-1,-1,-1,-1,-1,-1,-1
28600,-1,-1,-1,-1,-1,-1,-1,-1,-1,-1
28602,-1,-1,-1,-1,-1,-1,-1,-1,-1,-1
28604,-1,-1,-1,-1,-1,-1,-1,-1,-1,-1
28606,-1,-1,-1,-1,-1,-1,-1,-1,-1,-1
28608,-1,-1,-1,-1,-1,-1,-1,-1,-1,-1
28610,-1,-1,-1,-1,-1,-1,-1,-1,-1,-1
28612,-1,-1,-1,-1,-1,-1,-1,-1,-1,-1
28614,-1,-1,-1,-1,-1,-1,-1,-1,-1,-1
28616,-1,-1,-1,-1,-1,-1,-1,-1,-1,-1
28618,-1,-1,-1,-1,-1,-1,-1,-1,-1,-1
28732,-1,-1,-1,-1,-1,-1,-1,-1,-1,-1
28734,-1,-1,-1,-1,-1,-1,-1,-1,-1,-1
28736,-1,-1,-1,-1,-1,-1,-1,-1,-1,-1
28738,-1,-1,-1,-1,-1,-1,-1,-1,-1,-1
28740,-1,-1,-1,-1,-1,-1,-1,-1,-1,-1
28742,-1,-1,-1,-1,-1,-1,-1,-1,-1,-1
28754,-1,-1,-1,-1,-1,-1,-1,-1,-1,-1
28756,-1,-1,-1,-1,-1,-1,-1,-1,-1,-1
28758,-1,-1,-1,-1,-1,-1,-1,-1,-1,-1
28760,-1,-1,-1,-1,-1,-1,-1,-1,-1,-1
28762,-1,-1,-1,-1,-1,-1,-1,-1,-1,-1
28764,-1,-1,-1,-1,-1,-1,-1,-1,-1,-1
28766,-1,-1,-1,-1,-1,-1,-1,-1,-1,-1
28768,-1,-1,-1,-1,-1,-1,-1,-1,-1,-1
28770,-1,-1,-1,-1,-1,-1,-1,-1,-1,-1
28772,-1,-1,-1,-1,-1,-1,-1,-1,-1,-1
28774,-1,-1,-1,-1,-1,-1,-1,-1,-1,-1
28776,-1,-1,-1,-1,-1,-1,-1,-1,-1,-1
28778,-1,-1,-1,-1,-1,-1,-1,-1,-1,-1
28780,-1,-1,-1,-1,-1,-1,-1,-1,-1,-1
28782,-1,-1,-1,-1,-1,-1,-1,-1,-1,-1
28784,-1,-1,-1,-1,-1,-1,-1,-1,-1,-1
28786,-1,-1,-1,-1,-1,-1,-1,-1,-1,-1
28788,-1,-1,-1,-1,-1,-1,-1,-1,-1,-1
28790,-1,-1,-1,-1,-1,-1,-1,-1,-1,-1
28792,-1,-1,-1,-1,-1,-1,-1,-1,-1,-1
28794,-1,-1,-1,-1,-1,-1,-1,-1,-1,-1
28796,-1,-1,-1,-1,-1,-1,-1,-1,-1,-1
28798,-1,-1,-1,-1,-1,-1,-1,-1,-1,-1
28800,-1,-1,-1,-1,-1,-1,-1,-1,-1,-1
28802,-1,-1,-1,-1,-1,-1,-1,-1,-1,-1
28804,-1,-1,-1,-1,-1,-1,-1,-1,-1,-1
28806,-1,-1,-1,-1,-1,-1,-1,-1,-1,-1
28808,-1,-1,-1,-1,-1,-1,-1,-1,-1,-1
28810,-1,-1,-1,-1,-1,-1,-1,-1,-1,-1
28812,-1,-1,-1,-1,-1,-1,-1,-1,-1,-1
28814,-1,-1,-1,-1,-1,-1,-1,-1,-1,-1
28816,-1,-1,-1,-1,-1,-1,-1,-1,-1,-1
28818,-1,-1,-1,-1,-1,-1,-1,-1,-1,-1
28820,-1,-1,-1,-1,-1,-1,-1,-1,-1,-1
28822,-1,-1,-1,-1,-1,-1,-1,-1,-1,-1
28824,-1,-1,-1,-1,-1,-1,-1,-1,-1,-1
28826,-1,-1,-1,-1,-1,-1,-1,-1,-1,-1
28828,-1,-1,-1,-1,-1,-1,-1,-1,-1,-1
28830,-1,-1,-1,-1,-1,-1,-1,-1,-1,-1
28832,-1,-1,-1,-1,-1,-1,-1,-1,-1,-1
28834,-1,-1,-1,-1,-1,-1,-1,-1,-1,-1
28836,-1,-1,-1,-1,-1,-1,-1,-1,-1,-1
28838,-1,-1,-1,-1,-1,-1,-1,-1,-1,-1
28840,-1,-1,-1,-1,-1,-1,-1,-1,-1,-1
28842,-1,-1,-1,-1,-1,-1,-1,-1,-1,-1
28844,-1,-1,-1,-1,-1,-1,-1,-1,-1,-1
28846,-1,-1,-1,-1,-1,-1,-1,-1,-1,-1
28848,-1,-1,-1,-1,-1,-1,-1,-1,-1,-1
28850,-1,-1,-1,-1,-1,-1,-1,-1,-1,-1
28852,-1,-1,-1,-1,-1,-1,-1,-1,-1,-1
28854,-1,-1,-1,-1,-1,-1,-1,-1,-1,-1
28856,-1,-1,-1,-1,-1,-1,-1,-1,-1,-1
28858,-1,-1,-1,-1,-1,-1,-1,-1,-1,-1
28860,-1,-1,-1,-1,-1,-1,-1,-1,-1,-1
28862,-1,-1,-1,-1,-1,-1,-1,-1,-1,-1
28864,-1,-1,-1,-1,-1,-1,-1,-1,-1,-1
28866,-1,-1,-1,-1,-1,-1,-1,-1,-1,-1
28868,-1,-1,-1,-1,-1,-1,-1,-1,-1,-1
28870,-1,-1,-1,-1,-1,-1,-1,-1,-1,-1
28872,-1,-1,-1,-1,-1,-1,-1,-1,-1,-1
28874,-1,-1,-1,-1,-1,-1,-1,-1,-1,-1
28876,-1,-1,-1,-1,-1,-1,-1,-1,-1,-1
28878,-1,-1,-1,-1,-1,-1,-1,-1,-1,-1
28880,-1,-1,-1,-1,-1,-1,-1,-1,-1,-1
28882,-1,-1,-1,-1,-1,-1,-1,-1,-1,-1
28884,-1,-1,-1,-1,-1,-1,-1,-1,-1,-1
28886,-1,-1,-1,-1,-1,-1,-1,-1,-1,-1
28888,-1,-1,-1,-1,-1,-1,-1,-1,-1,-1
28890,-1,-1,-1,-1,-1,-1,-1,-1,-1,-1
28892,-1,-1,-1,-1,-1,-1,-1,-1,-1,-1
28894,-1,-1,-1,-1,-1,-1,-1,-1,-1,-1
28896,-1,-1,-1,-1,-1,-1,-1,-1,-1,-1
28898,-1,-1,-1,-1,-1,-1,-1,-1,-1,-1
28900,-1,-1,-1,-1,-1,-1,-1,-1,-1,-1
28902,-1,-1,-1,-1,-1,-1,-1,-1,-1,-1
28904,-1,-1,-1,-1,-1,-1,-1,-1,-1,-1
28906,-1,-1,-1,-1,-1,-1,-1,-1,-1,-1
28908,-1,-1,-1,-1,-1,-1,-1,-1,-1,-1
28910,-1,-1,-1,-1,-1,-1,-1,-1,-1,-1
28912,-1,-1,-1,-1,-1,-1,-1,-1,-1,-1
28914,-1,-1,-1,-1,-1,-1,-1,-1,-1,-1
28916,-1,-1,-1,-1,-1,-1,-1,-1,-1,-1
28918,-1,-1,-1,-1,-1,-1,-1,-1,-1,-1
28920,-1,-1,-1,-1,-1,-1,-1,-1,-1,-1
28922,-1,-1,-1,-1,-1,-1,-1,-1,-1,-1
28924,-1,-1,-1,-1,-1,-1,-1,-1,-1,-1
28926,-1,-1,-1,-1,-1,-1,-1,-1,-1,-1
28928,-1,-1,-1,-1,-1,-1,-1,-1,-1,-1
33854,-1,-1,-1,-1,-1,-1,-1,-1,-1,-1
33856,-1,-1,-1,-1,-1,-1,-1,-1,-1,-1
33858,-1,-1,-1,-1,-1,-1,-1,-1,-1,-1
33860,-1,-1,-1,-1,-1,-1,-1,-1,-1,-1
33862,-1,-1,-1,-1,-1,-1,-1,-1,-1,-1
33864,-1,-1,-1,-1,-1,-1,-1,-1,-1,-1
33866,-1,-1,-1,-1,-1,-1,-1,-1,-1,-1
33868,-1,-1,-1,-1,-1,-1,-1,-1,-1,-1
33870,-1,-1,-1,-1,-1,-1,-1,-1,-1,-1
33872,-1,-1,-1,-1,-1,-1,-1,-1,-1,-1
33874,-1,-1,-1,-1,-1,-1,-1,-1,-1,-1
33876,-1,-1,-1,-1,-1,-1,-1,-1,-1,-1
33878,-1,-1,-1,-1,-1,-1,-1,-1,-1,-1
33880,-1,-1,-1,-1,-1,-1,-1,-1,-1,-1
33882,-1,-1,-1,-1,-1,-1,-1,-1,-1,-1
33884,-1,-1,-1,-1,-1,-1,-1,-1,-1,-1
33886,-1,-1,-1,-1,-1,-1,-1,-1,-1,-1
33888,-1,-1,-1,-1,-1,-1,-1,-1,-1,-1
33890,-1,-1,-1,-1,-1,-1,-1,-1,-1,-1
33892,-1,-1,-1,-1,-1,-1,-1,-1,-1,-1
33894,-1,-1,-1,-1,-1,-1,-1,-1,-1,-1
35172,-1,-1,-1,-1,-1,-1,-1,-1,-1,-1
35174,-1,-1,-1,-1,-1,-1,-1,-1,-1,-1
35176,-1,-1,-1,-1,-1,-1,-1,-1,-1,-1
35178,-1,-1,-1,-1,-1,-1,-1,-1,-1,-1
35180,-1,-1,-1,-1,-1,-1,-1,-1,-1,-1
35182,-1,-1,-1,-1,-1,-1,-1,-1,-1,-1
35184,-1,-1,-1,-1,-1,-1,-1,-1,-1,-1
35186,-1,-1,-1,-1,-1,-1,-1,-1,-1,-1
35188,-1,-1,-1,-1,-1,-1,-1,-1,-1,-1
35190,-1,-1,-1,-1,-1,-1,-1,-1,-1,-1
35192,-1,-1,-1,-1,-1,-1,-1,-1,-1,-1
35194,-1,-1,-1,-1,-1,-1,-1,-1,-1,-1
35196,-1,-1,-1,-1,-1,-1,-1,-1,-1,-1
35198,-1,-1,-1,-1,-1,-1,-1,-1,-1,-1
35200,-1,-1,-1,-1,-1,-1,-1,-1,-1,-1
35202,-1,-1,-1,-1,-1,-1,-1,-1,-1,-1
35204,-1,-1,-1,-1,-1,-1,-1,-1,-1,-1
35206,-1,-1,-1,-1,-1,-1,-1,-1,-1,-1
35208,-1,-1,-1,-1,-1,-1,-1,-1,-1,-1
35210,-1,-1,-1,-1,-1,-1,-1,-1,-1,-1
35212,-1,-1,-1,-1,-1,-1,-1,-1,-1,-1
35214,-1,-1,-1,-1,-1,-1,-1,-1,-1,-1
35216,-1,-1,-1,-1,-1,-1,-1,-1,-1,-1
35218,-1,-1,-1,-1,-1,-1,-1,-1,-1,-1
35220,-1,-1,-1,-1,-1,-1,-1,-1,-1,-1
35222,-1,-1,-1,-1,-1,-1,-1,-1,-1,-1
35224,-1,-1,-1,-1,-1,-1,-1,-1,-1,-1
35226,-1,-1,-1,-1,-1,-1,-1,-1,-1,-1
35228,-1,-1,-1,-1,-1,-1,-1,-1,-1,-1
35230,-1,-1,-1,-1,-1,-1,-1,-1,-1,-1
35232,-1,-1,-1,-1,-1,-1,-1,-1,-1,-1
35234,-1,-1,-1,-1,-1,-1,-1,-1,-1,-1
35236,-1,-1,-1,-1,-1,-1,-1,-1,-1,-1
35238,-1,-1,-1,-1,-1,-1,-1,-1,-1,-1
35240,-1,-1,-1,-1,-1,-1,-1,-1,-1,-1
35242,-1,-1,-1,-1,-1,-1,-1,-1,-1,-1
35274,-1,-1,-1,-1,-1,-1,-1,-1,-1,-1
35276,-1,-1,-1,-1,-1,-1,-1,-1,-1,-1
35278,-1,-1,-1,-1,-1,-1,-1,-1,-1,-1
35280,-1,-1,-1,-1,-1,-1,-1,-1,-1,-1
35282,-1,-1,-1,-1,-1,-1,-1,-1,-1,-1
35284,-1,-1,-1,-1,-1,-1,-1,-1,-1,-1
35286,-1,-1,-1,-1,-1,-1,-1,-1,-1,-1
35288,-1,-1,-1,-1,-1,-1,-1,-1,-1,-1
35290,-1,-1,-1,-1,-1,-1,-1,-1,-1,-1
35292,-1,-1,-1,-1,-1,-1,-1,-1,-1,-1
35294,-1,-1,-1,-1,-1,-1,-1,-1,-1,-1
35296,-1,-1,-1,-1,-1,-1,-1,-1,-1,-1
35298,-1,-1,-1,-1,-1,-1,-1,-1,-1,-1
35300,-1,-1,-1,-1,-1,-1,-1,-1,-1,-1
35302,-1,-1,-1,-1,-1,-1,-1,-1,-1,-1
35304,-1,-1,-1,-1,-1,-1,-1,-1,-1,-1
35306,-1,-1,-1,-1,-1,-1,-1,-1,-1,-1
35308,-1,-1,-1,-1,-1,-1,-1,-1,-1,-1
35310,-1,-1,-1,-1,-1,-1,-1,-1,-1,-1
35312,-1,-1,-1,-1,-1,-1,-1,-1,-1,-1
35314,-1,-1,-1,-1,-1,-1,-1,-1,-1,-1
35316,-1,-1,-1,-1,-1,-1,-1,-1,-1,-1
35318,-1,-1,-1,-1,-1,-1,-1,-1,-1,-1
35320,-1,-1,-1,-1,-1,-1,-1,-1,-1,-1
35322,-1,-1,-1,-1,-1,-1,-1,-1,-1,-1
35324,-1,-1,-1,-1,-1,-1,-1,-1,-1,-1
35326,-1,-1,-1,-1,-1,-1,-1,-1,-1,-1
35328,-1,-1,-1,-1,-1,-1,-1,-1,-1,-1
35330,-1,-1,-1,-1,-1,-1,-1,-1,-1,-1
35332,-1,-1,-1,-1,-1,-1,-1,-1,-1,-1
35334,-1,-1,-1,-1,-1,-1,-1,-1,-1,-1
35336,-1,-1,-1,-1,-1,-1,-1,-1,-1,-1
35338,-1,-1,-1,-1,-1,-1,-1,-1,-1,-1
35340,-1,-1,-1,-1,-1,-1,-1,-1,-1,-1
35342,-1,-1,-1,-1,-1,-1,-1,-1,-1,-1
35344,-1,-1,-1,-1,-1,-1,-1,-1,-1,-1
35346,-1,-1,-1,-1,-1,-1,-1,-1,-1,-1
35348,-1,-1,-1,-1,-1,-1,-1,-1,-1,-1
35350,-1,-1,-1,-1,-1,-1,-1,-1,-1,-1
35352,-1,-1,-1,-1,-1,-1,-1,-1,-1,-1
35354,-1,-1,-1,-1,-1,-1,-1,-1,-1,-1
35356,-1,-1,-1,-1,-1,-1,-1,-1,-1,-1
35358,-1,-1,-1,-1,-1,-1,-1,-1,-1,-1
35360,-1,-1,-1,-1,-1,-1,-1,-1,-1,-1
35362,-1,-1,-1,-1,-1,-1,-1,-1,-1,-1
35364,-1,-1,-1,-1,-1,-1,-1,-1,-1,-1
35366,-1,-1,-1,-1,-1,-1,-1,-1,-1,-1
35368,-1,-1,-1,-1,-1,-1,-1,-1,-1,-1
35370,-1,-1,-1,-1,-1,-1,-1,-1,-1,-1
35372,-1,-1,-1,-1,-1,-1,-1,-1,-1,-1
35374,-1,-1,-1,-1,-1,-1,-1,-1,-1,-1
35376,-1,-1,-1,-1,-1,-1,-1,-1,-1,-1
35378,-1,-1,-1,-1,-1,-1,-1,-1,-1,-1
35380,-1,-1,-1,-1,-1,-1,-1,-1,-1,-1
35382,-1,-1,-1,-1,-1,-1,-1,-1,-1,-1
35384,-1,-1,-1,-1,-1,-1,-1,-1,-1,-1
35522,-1,-1,-1,-1,-1,-1,-1,-1,-1,-1
35524,-1,-1,-1,-1,-1,-1,-1,-1,-1,-1
35526,-1,-1,-1,-1,-1,-1,-1,-1,-1,-1
35528,-1,-1,-1,-1,-1,-1,-1,-1,-1,-1
35530,-1,-1,-1,-1,-1,-1,-1,-1,-1,-1
35532,-1,-1,-1,-1,-1,-1,-1,-1,-1,-1
35534,-1,-1,-1,-1,-1,-1,-1,-1,-1,-1
35536,-1,-1,-1,-1,-1,-1,-1,-1,-1,-1
35538,-1,-1,-1,-1,-1,-1,-1,-1,-1,-1
35540,-1,-1,-1,-1,-1,-1,-1,-1,-1,-1
35542,-1,-1,-1,-1,-1,-1,-1,-1,-1,-1
35544,-1,-1,-1,-1,-1,-1,-1,-1,-1,-1
35546,-1,-1,-1,-1,-1,-1,-1,-1,-1,-1
35548,-1,-1,-1,-1,-1,-1,-1,-1,-1,-1
35550,-1,-1,-1,-1,-1,-1,-1,-1,-1,-1
35552,-1,-1,-1,-1,-1,-1,-1,-1,-1,-1
35554,-1,-1,-1,-1,-1,-1,-1,-1,-1,-1
35556,-1,-1,-1,-1,-1,-1,-1,-1,-1,-1
35558,-1,-1,-1,-1,-1,-1,-1,-1,-1,-1
35560,-1,-1,-1,-1,-1,-1,-1,-1,-1,-1
35562,-1,-1,-1,-1,-1,-1,-1,-1,-1,-1
35564,-1,-1,-1,-1,-1,-1,-1,-1,-1,-1
35566,-1,-1,-1,-1,-1,-1,-1,-1,-1,-1
35568,-1,-1,-1,-1,-1,-1,-1,-1,-1,-1
35570,-1,-1,-1,-1,-1,-1,-1,-1,-1,-1
35572,-1,-1,-1,-1,-1,-1,-1,-1,-1,-1
35574,-1,-1,-1,-1,-1,-1,-1,-1,-1,-1
35576,-1,-1,-1,-1,-1,-1,-1,-1,-1,-1
35578,-1,-1,-1,-1,-1,-1,-1,-1,-1,-1
35580,-1,-1,-1,-1,-1,-1,-1,-1,-1,-1
35582,-1,-1,-1,-1,-1,-1,-1,-1,-1,-1
35584,-1,-1,-1,-1,-1,-1,-1,-1,-1,-1
35586,-1,-1,-1,-1,-1,-1,-1,-1,-1,-1
35588,-1,-1,-1,-1,-1,-1,-1,-1,-1,-1
35590,-1,-1,-1,-1,-1,-1,-1,-1,-1,-1
35592,-1,-1,-1,-1,-1,-1,-1,-1,-1,-1
35594,-1,-1,-1,-1,-1,-1,-1,-1,-1,-1
35596,-1,-1,-1,-1,-1,-1,-1,-1,-1,-1
35598,-1,-1,-1,-1,-1,-1,-1,-1,-1,-1
35600,-1,-1,-1,-1,-1,-1,-1,-1,-1,-1
35602,-1,-1,-1,-1,-1,-1,-1,-1,-1,-1
35604,-1,-1,-1,-1,-1,-1,-1,-1,-1,-1
35606,-1,-1,-1,-1,-1,-1,-1,-1,-1,-1
35608,-1,-1,-1,-1,-1,-1,-1,-1,-1,-1
35610,-1,-1,-1,-1,-1,-1,-1,-1,-1,-1
35612,-1,-1,-1,-1,-1,-1,-1,-1,-1,-1
35614,-1,-1,-1,-1,-1,-1,-1,-1,-1,-1
35616,-1,-1,-1,-1,-1,-1,-1,-1,-1,-1
35618,-1,-1,-1,-1,-1,-1,-1,-1,-1,-1
35620,-1,-1,-1,-1,-1,-1,-1,-1,-1,-1
35622,-1,-1,-1,-1,-1,-1,-1,-1,-1,-1
35624,-1,-1,-1,-1,-1,-1,-1,-1,-1,-1
35626,-1,-1,-1,-1,-1,-1,-1,-1,-1,-1
35628,-1,-1,-1,-1,-1,-1,-1,-1,-1,-1
35630,-1,-1,-1,-1,-1,-1,-1,-1,-1,-1
35632,-1,-1,-1,-1,-1,-1,-1,-1,-1,-1
35634,-1,-1,-1,-1,-1,-1,-1,-1,-1,-1
35636,-1,-1,-1,-1,-1,-1,-1,-1,-1,-1
35638,-1,-1,-1,-1,-1,-1,-1,-1,-1,-1
35640,-1,-1,-1,-1,-1,-1,-1,-1,-1,-1
